id,first_name,last_name,email,address,phone
1,Janice,Hughes,jhughes0@wikipedia.org,42 Erie Road,86-(465)813-2547
2,Ruby,Reynolds,rreynolds1@oracle.com,118 Bartelt Park,48-(242)759-6102
3,Betty,Lopez,blopez2@dedecms.com,5105 Paget Center,63-(537)674-4608
4,Benjamin,Hamilton,bhamilton3@wikia.com,879 Hintze Way,7-(827)449-8770
5,Brian,Campbell,bcampbell4@sun.com,6314 Hudson Trail,33-(834)767-8091
6,Kenneth,Sanchez,ksanchez5@theglobeandmail.com,4290 Jana Street,371-(471)130-7821
7,Albert,James,ajames6@constantcontact.com,71 Mayer Plaza,49-(223)404-9395
8,Chris,Ramirez,cramirez7@free.fr,46 Kennedy Center,7-(137)513-7024
9,Christina,Welch,cwelch8@marketwatch.com,4 Kim Parkway,86-(704)701-0891
10,Tammy,Gomez,tgomez9@altervista.org,33925 Lakeland Center,86-(331)797-5843
11,Ashley,Wright,awrighta@reuters.com,71887 Summer Ridge Hill,94-(550)708-6205
12,Philip,Wilson,pwilsonb@japanpost.jp,0 Orin Plaza,86-(392)652-8221
13,Gregory,Riley,grileyc@virginia.edu,170 Starling Parkway,86-(826)747-8561
14,Douglas,Alexander,dalexanderd@census.gov,35736 Lighthouse Bay Drive,86-(586)766-0632
15,Jimmy,Gonzales,jgonzalese@zdnet.com,28 Vahlen Circle,86-(516)472-5978
16,Diane,Hunter,dhunterf@mozilla.com,3015 Hooker Court,62-(906)750-6468
17,Walter,Bishop,wbishopg@gmpg.org,9891 Huxley Trail,961-(996)686-1875
18,Beverly,Howard,bhowardh@merriam-webster.com,7560 Summer Ridge Trail,234-(381)375-6280
19,Rachel,Henderson,rhendersoni@blinklist.com,055 Brentwood Place,237-(226)245-2911
20,Eugene,Graham,egrahamj@yale.edu,6972 Homewood Road,86-(223)949-5715
21,Ann,Hill,ahillk@ning.com,57309 Kings Park,86-(426)853-7956
22,Gary,Harvey,gharveyl@cbsnews.com,1786 Novick Hill,62-(560)994-4725
23,Bruce,Evans,bevansm@mlb.com,16 Onsgard Circle,86-(289)768-9760
24,George,Jones,gjonesn@marketwatch.com,2 Red Cloud Alley,33-(983)382-7976
25,Debra,Allen,dalleno@theglobeandmail.com,2 John Wall Crossing,63-(890)360-1286
26,Bonnie,King,bkingp@google.it,76 Basil Pass,30-(385)329-3900
27,John,Knight,jknightq@ebay.com,354 Morning Alley,380-(773)477-0583
28,Aaron,Porter,aporterr@apple.com,93 Corscot Place,66-(484)634-0980
29,Paula,Meyer,pmeyers@mapy.cz,799 Debra Drive,359-(973)240-8103
30,Evelyn,Stone,estonet@hao123.com,57 Coolidge Park,86-(104)420-4699
31,Tammy,Campbell,tcampbellu@icio.us,73575 Eagle Crest Park,84-(205)187-7495
32,Raymond,Watson,rwatsonv@ameblo.jp,24013 Pearson Alley,380-(880)659-1307
33,Kevin,Gonzalez,kgonzalezw@sciencedaily.com,07 Hayes Circle,237-(795)775-4447
34,Betty,Stevens,bstevensx@goo.ne.jp,85419 Barby Place,244-(474)698-9888
35,Sarah,Lawson,slawsony@over-blog.com,3 Arizona Drive,355-(200)356-7104
36,Christine,Holmes,cholmesz@census.gov,8 2nd Crossing,62-(266)522-4754
37,Gloria,Perry,gperry10@angelfire.com,6 Corben Place,1-(757)544-7376
38,Peter,Long,plong11@fda.gov,459 Veith Crossing,51-(613)154-8690
39,Steve,Thomas,sthomas12@npr.org,5 Anhalt Trail,351-(411)612-6239
40,Phillip,Hawkins,phawkins13@surveymonkey.com,141 Nova Crossing,86-(842)818-5399
41,Bobby,Ramirez,bramirez14@forbes.com,4 Arapahoe Park,86-(101)563-6739
42,Steven,Reynolds,sreynolds15@fotki.com,6 Harper Plaza,86-(460)718-7055
43,Eugene,Morrison,emorrison16@uol.com.br,8 8th Crossing,82-(907)840-1360
44,Beverly,Medina,bmedina17@ucla.edu,43 Bonner Street,62-(946)425-4850
45,Frank,Lewis,flewis18@indiatimes.com,63 Red Cloud Pass,1-(225)800-4233
46,Carl,Flores,cflores19@elegantthemes.com,87106 Manitowish Pass,386-(759)284-9434
47,Louise,Robertson,lrobertson1a@friendfeed.com,2045 Southridge Road,62-(967)304-4016
48,Norma,Ramirez,nramirez1b@google.ca,183 David Lane,51-(117)801-3544
49,Kevin,Bailey,kbailey1c@seattletimes.com,976 Sundown Parkway,352-(645)577-7429
50,James,Nguyen,jnguyen1d@dailymail.co.uk,52 Waywood Hill,61-(515)764-8329
51,Howard,Coleman,hcoleman1e@squarespace.com,05820 Dottie Crossing,20-(932)381-2704
52,Bonnie,Richardson,brichardson1f@nbcnews.com,619 Bashford Court,46-(391)153-1447
53,Jesse,Coleman,jcoleman1g@businesswire.com,85944 Jana Center,351-(667)211-1769
54,Ryan,Moreno,rmoreno1h@addthis.com,805 Waxwing Junction,7-(310)164-9606
55,Barbara,Rodriguez,brodriguez1i@is.gd,190 Lukken Lane,86-(306)969-8147
56,Sara,Wheeler,swheeler1j@google.co.uk,11 Warbler Center,7-(365)254-0470
57,Alice,Diaz,adiaz1k@ucla.edu,46 Jenifer Lane,63-(259)502-3114
58,Antonio,Harper,aharper1l@nature.com,7573 Grim Point,33-(976)278-4412
59,Jesse,Campbell,jcampbell1m@huffingtonpost.com,2 Moose Alley,62-(845)907-4971
60,Pamela,Griffin,pgriffin1n@networkadvertising.org,768 Jenifer Terrace,86-(430)572-4780
61,Christina,Clark,cclark1o@ft.com,9499 Pierstorff Point,95-(726)615-9175
62,Linda,Tucker,ltucker1p@msn.com,25 Little Fleur Avenue,251-(177)155-0781
63,Melissa,Peters,mpeters1q@google.cn,59898 Montana Avenue,7-(571)606-8078
64,Cynthia,Castillo,ccastillo1r@spiegel.de,6208 Scofield Drive,994-(324)840-9620
65,David,Henry,dhenry1s@github.com,5 Talisman Court,62-(527)504-3738
66,Brenda,Adams,badams1t@macromedia.com,93 Warbler Alley,251-(204)515-7245
67,Amanda,Nguyen,anguyen1u@4shared.com,90794 Coolidge Point,255-(807)745-7914
68,Martin,Myers,mmyers1v@fema.gov,91585 Hanover Junction,358-(992)817-3828
69,Patricia,Day,pday1w@un.org,6006 Kensington Parkway,62-(501)617-3498
70,Philip,Hawkins,phawkins1x@macromedia.com,41 Basil Pass,62-(949)292-4004
71,Timothy,Chavez,tchavez1y@issuu.com,956 Starling Trail,86-(214)815-5468
72,Carlos,Griffin,cgriffin1z@sbwire.com,9 Dexter Road,679-(349)894-3321
73,Harry,Jordan,hjordan20@bluehost.com,8 Golf View Trail,7-(348)130-5306
74,Steve,Lopez,slopez21@liveinternet.ru,3980 Vermont Street,86-(171)610-4640
75,Jerry,Ryan,jryan22@mapy.cz,93 Myrtle Circle,55-(769)926-0639
76,Beverly,Ortiz,bortiz23@4shared.com,49733 Comanche Court,30-(749)640-8905
77,Theresa,Simmons,tsimmons24@desdev.cn,45 New Castle Street,86-(492)728-0637
78,Johnny,Wood,jwood25@newsvine.com,8311 Armistice Plaza,62-(305)778-3292
79,Marilyn,Fuller,mfuller26@sfgate.com,278 Cottonwood Road,351-(109)315-7881
80,Nancy,Hawkins,nhawkins27@wikia.com,02 Eggendart Circle,86-(323)432-0473
81,Lori,Montgomery,lmontgomery28@earthlink.net,8 Morrow Court,62-(275)341-2489
82,Christopher,Schmidt,cschmidt29@tinypic.com,6 Parkside Circle,994-(932)561-4230
83,Chris,Montgomery,cmontgomery2a@joomla.org,77545 Crest Line Park,86-(760)458-2502
84,Brian,Howell,bhowell2b@nih.gov,6 Dixon Road,62-(660)902-1872
85,Mark,Meyer,mmeyer2c@blogger.com,70 Donald Hill,86-(274)288-7579
86,Barbara,Wilson,bwilson2d@clickbank.net,9 David Way,86-(314)204-5060
87,Jonathan,Ferguson,jferguson2e@typepad.com,12 Elka Plaza,970-(996)891-9812
88,Ashley,Sullivan,asullivan2f@live.com,4865 Michigan Center,502-(776)614-2702
89,Jimmy,Long,jlong2g@guardian.co.uk,5547 Nelson Pass,1-(588)135-0023
90,Anna,Austin,aaustin2h@reddit.com,99 Vahlen Alley,33-(813)729-3181
91,Frank,Wells,fwells2i@google.com.hk,415 Orin Parkway,86-(431)986-2856
92,Billy,Reid,breid2j@bbc.co.uk,8 Stone Corner Way,46-(416)499-3214
93,Donald,Watkins,dwatkins2k@histats.com,0 Lighthouse Bay Alley,7-(732)765-5479
94,Marie,Gardner,mgardner2l@gizmodo.com,38 Sauthoff Crossing,1-(416)455-9339
95,Angela,Gutierrez,agutierrez2m@bbc.co.uk,9 Sherman Junction,33-(164)524-3037
96,Denise,Miller,dmiller2n@moonfruit.com,76 Ruskin Park,505-(895)474-3745
97,Michael,Fields,mfields2o@moonfruit.com,9132 Gateway Pass,86-(931)277-1347
98,Samuel,Lee,slee2p@disqus.com,217 Mcguire Hill,48-(879)750-5113
99,Nicole,Wright,nwright2q@slashdot.org,05 Sauthoff Plaza,1-(626)172-1751
100,Denise,Powell,dpowell2r@disqus.com,01812 1st Lane,223-(547)514-7280
101,Catherine,Garcia,cgarcia2s@rakuten.co.jp,05133 Stuart Circle,230-(751)570-1459
102,Tina,Baker,tbaker2t@etsy.com,52376 Basil Street,387-(300)370-5092
103,Linda,Kim,lkim2u@imdb.com,2875 Harbort Crossing,63-(179)943-4696
104,Fred,Mcdonald,fmcdonald2v@elegantthemes.com,34 Cottonwood Parkway,31-(865)752-0752
105,Kathryn,Cruz,kcruz2w@mediafire.com,9 Maple Wood Crossing,46-(156)354-2190
106,Joan,Arnold,jarnold2x@plala.or.jp,2471 Nobel Pass,961-(352)353-0358
107,Maria,Edwards,medwards2y@twitpic.com,733 Main Point,998-(638)424-0419
108,Maria,Kim,mkim2z@cdbaby.com,523 Hauk Trail,257-(740)242-6755
109,Lori,Montgomery,lmontgomery30@dedecms.com,84889 Pennsylvania Trail,55-(919)369-8177
110,Howard,Vasquez,hvasquez31@booking.com,81550 Westerfield Place,55-(856)897-4406
111,Brenda,Roberts,broberts32@utexas.edu,3534 Muir Road,66-(156)600-2396
112,Marilyn,Vasquez,mvasquez33@photobucket.com,617 Ilene Parkway,86-(989)594-5801
113,Michael,Murray,mmurray34@europa.eu,32 Mallard Junction,86-(572)328-6314
114,Emily,Lopez,elopez35@geocities.com,73 Center Avenue,46-(834)118-1859
115,Helen,Murray,hmurray36@google.it,16568 Randy Terrace,62-(257)392-8953
116,Annie,Powell,apowell37@state.tx.us,35 Morrow Drive,351-(472)496-0638
117,Benjamin,Snyder,bsnyder38@behance.net,93 Loeprich Park,86-(141)906-9044
118,Helen,Black,hblack39@tamu.edu,1940 Claremont Trail,7-(947)882-1317
119,Maria,Bailey,mbailey3a@blog.com,751 Surrey Parkway,355-(708)605-7609
120,Frances,Burns,fburns3b@eepurl.com,4214 Buhler Hill,970-(289)477-2782
121,Christina,Montgomery,cmontgomery3c@nih.gov,1 Autumn Leaf Street,375-(395)160-8246
122,Amy,Perkins,aperkins3d@nhs.uk,56 Dexter Junction,86-(226)548-4589
123,Gregory,Morgan,gmorgan3e@independent.co.uk,7 Doe Crossing Point,380-(150)246-7853
124,Rachel,Franklin,rfranklin3f@dion.ne.jp,6 Golden Leaf Junction,33-(542)379-1601
125,Ruth,Henry,rhenry3g@ameblo.jp,273 Cherokee Drive,86-(225)103-4925
126,Gerald,Hernandez,ghernandez3h@prweb.com,67887 Leroy Way,977-(366)102-7154
127,Harry,Bennett,hbennett3i@example.com,5 Buhler Road,86-(131)618-9363
128,Anna,West,awest3j@nps.gov,00 Fuller Street,232-(918)519-7454
129,Paul,Oliver,poliver3k@marriott.com,27 Kropf Park,228-(112)210-5651
130,Martin,Taylor,mtaylor3l@sogou.com,0 Warbler Crossing,502-(311)457-5213
131,Cheryl,Lynch,clynch3m@fotki.com,72 Russell Hill,380-(790)379-6540
132,Rose,Powell,rpowell3n@hp.com,7187 Haas Court,228-(203)273-2988
133,George,Shaw,gshaw3o@cyberchimps.com,1 Havey Place,7-(152)980-0273
134,Raymond,Crawford,rcrawford3p@cnet.com,465 Lerdahl Street,46-(619)645-7427
135,Susan,Gordon,sgordon3q@netlog.com,5 Delladonna Center,7-(811)820-5627
136,Gregory,George,ggeorge3r@slashdot.org,95 Clyde Gallagher Hill,62-(658)939-6373
137,Matthew,Burke,mburke3s@yahoo.co.jp,11 Truax Point,33-(991)881-9722
138,Debra,Pierce,dpierce3t@ft.com,6 Independence Court,359-(928)287-0085
139,Terry,Bennett,tbennett3u@salon.com,70 Bellgrove Lane,62-(239)900-6427
140,Fred,Harvey,fharvey3v@columbia.edu,708 Sunnyside Plaza,420-(897)601-2342
141,Jason,Ward,jward3w@bigcartel.com,3 Stang Court,244-(515)381-8701
142,Ryan,Evans,revans3x@sitemeter.com,52381 Anderson Circle,30-(438)425-8219
143,Alice,Brown,abrown3y@samsung.com,9 Dryden Drive,62-(675)843-3475
144,William,Green,wgreen3z@bloglovin.com,37 Butternut Crossing,30-(303)396-7747
145,David,Scott,dscott40@cbsnews.com,66 Loftsgordon Hill,66-(679)672-8999
146,Ruth,Clark,rclark41@answers.com,682 Briar Crest Road,261-(625)396-3195
147,David,Austin,daustin42@noaa.gov,66545 Summit Park,55-(473)427-7479
148,Antonio,Fowler,afowler43@home.pl,726 1st Road,86-(306)971-2378
149,Christine,Mccoy,cmccoy44@bbc.co.uk,9 Surrey Avenue,352-(164)332-4426
150,Randy,Day,rday45@sphinn.com,6628 Browning Road,86-(477)513-6423
151,Roy,Jenkins,rjenkins46@blogs.com,594 Carpenter Trail,63-(500)362-9182
152,Tammy,Davis,tdavis47@scientificamerican.com,92 Continental Hill,62-(112)923-2451
153,Judith,Wilson,jwilson48@diigo.com,119 Myrtle Crossing,55-(548)413-4057
154,Martin,Oliver,moliver49@nsw.gov.au,0606 Comanche Street,55-(362)708-8613
155,Judy,Williams,jwilliams4a@github.com,27 Esker Terrace,86-(941)360-1324
156,Kevin,Hunter,khunter4b@msn.com,4 Kennedy Place,66-(501)471-2099
157,Christina,Brown,cbrown4c@soundcloud.com,7852 Packers Park,86-(163)843-2216
158,Amy,Hudson,ahudson4d@unc.edu,6010 Londonderry Hill,62-(860)992-2286
159,Michelle,Bryant,mbryant4e@google.pl,976 Riverside Junction,55-(384)895-7666
160,Albert,Romero,aromero4f@oracle.com,06068 Starling Avenue,53-(753)381-8445
161,Virginia,Morrison,vmorrison4g@topsy.com,63 Del Mar Lane,86-(579)803-7807
162,Joseph,Dean,jdean4h@apple.com,1 Valley Edge Hill,51-(293)411-6315
163,Dennis,Wheeler,dwheeler4i@businesswire.com,0245 Anderson Center,351-(676)352-8256
164,Patricia,Johnston,pjohnston4j@wp.com,22 Schmedeman Lane,62-(535)436-9087
165,Ruth,Oliver,roliver4k@goo.gl,0684 Donald Place,7-(912)540-6876
166,Kathryn,Sims,ksims4l@si.edu,52777 Glacier Hill Trail,63-(150)145-5075
167,Marie,Long,mlong4m@topsy.com,5 Stephen Terrace,63-(578)703-8675
168,Kathy,Watson,kwatson4n@vkontakte.ru,3008 Harper Lane,66-(994)735-1540
169,Michelle,Palmer,mpalmer4o@list-manage.com,547 Leroy Plaza,967-(818)833-2585
170,Nancy,Mills,nmills4p@unblog.fr,3 Green Park,7-(273)395-1301
171,Angela,Olson,aolson4q@rediff.com,6632 Karstens Pass,62-(458)283-2715
172,Ernest,Day,eday4r@amazon.de,3 Kingsford Pass,46-(582)979-7760
173,Samuel,Greene,sgreene4s@discuz.net,0417 Mallory Center,62-(553)810-8152
174,Tammy,Roberts,troberts4t@dropbox.com,06141 Farmco Crossing,55-(344)621-9691
175,Laura,Oliver,loliver4u@cbsnews.com,1368 Loomis Lane,963-(888)348-6793
176,Pamela,Mason,pmason4v@vk.com,42 Debra Avenue,86-(128)333-9015
177,Irene,Hart,ihart4w@salon.com,4980 7th Pass,7-(787)814-4085
178,Daniel,Hill,dhill4x@mapquest.com,2 Heffernan Crossing,62-(155)606-2873
179,Johnny,Gutierrez,jgutierrez4y@aol.com,3 Carberry Trail,353-(887)513-4175
180,Stephanie,Reid,sreid4z@reuters.com,1 Sachtjen Center,33-(428)471-6836
181,Helen,Montgomery,hmontgomery50@chronoengine.com,885 Main Park,212-(907)379-6361
182,Paula,Young,pyoung51@hugedomains.com,1806 Hanson Hill,33-(690)744-5646
183,Judy,Montgomery,jmontgomery52@hp.com,71 American Ash Place,57-(812)902-3487
184,Catherine,Young,cyoung53@clickbank.net,8 Harbort Circle,7-(824)880-2922
185,Nicholas,Flores,nflores54@nasa.gov,589 Eagan Avenue,351-(799)311-2093
186,Gary,Fox,gfox55@marketwatch.com,214 Green Road,7-(509)235-5413
187,Larry,Woods,lwoods56@google.com.au,14752 Melvin Alley,225-(501)739-6270
188,Irene,Martinez,imartinez57@washingtonpost.com,93257 Jenna Lane,7-(838)572-1817
189,Ernest,Burke,eburke58@economist.com,14803 Lukken Point,62-(511)812-5692
190,Katherine,Gonzalez,kgonzalez59@themeforest.net,0 American Ash Place,385-(908)696-4661
191,Cynthia,Reid,creid5a@weebly.com,42 Moland Crossing,62-(115)493-8092
192,Jesse,Arnold,jarnold5b@tripadvisor.com,9 Truax Pass,86-(169)186-3349
193,Randy,Evans,revans5c@gmpg.org,2082 Cardinal Lane,86-(332)582-3053
194,Ashley,Harper,aharper5d@yelp.com,08953 Saint Paul Terrace,63-(546)326-2841
195,Richard,Martinez,rmartinez5e@ebay.co.uk,6 Cambridge Trail,92-(747)628-6927
196,Aaron,Hanson,ahanson5f@reddit.com,7454 Wayridge Hill,1-(404)485-6671
197,Bruce,Baker,bbaker5g@gnu.org,1120 2nd Junction,62-(938)200-0358
198,Elizabeth,Reed,ereed5h@about.com,3 Parkside Park,86-(197)574-0763
199,Joshua,Martinez,jmartinez5i@time.com,7 Dennis Drive,30-(840)973-5019
200,Russell,Carroll,rcarroll5j@senate.gov,7 Green Ridge Park,86-(463)131-1430
201,Dorothy,Kennedy,dkennedy5k@ihg.com,99019 Lakewood Gardens Trail,351-(136)596-9684
202,Jesse,Ramos,jramos5l@hostgator.com,56705 Doe Crossing Park,385-(267)504-5805
203,Anna,Sanders,asanders5m@time.com,1 Karstens Junction,256-(781)254-0609
204,Scott,Bradley,sbradley5n@china.com.cn,05 Ruskin Court,507-(624)519-2711
205,Sean,Bowman,sbowman5o@yahoo.com,24255 Eagle Crest Hill,86-(363)197-1178
206,Frances,Rivera,frivera5p@smh.com.au,51 Sunnyside Alley,60-(385)696-9654
207,Irene,Perkins,iperkins5q@ezinearticles.com,87 Larry Park,63-(353)763-9072
208,Keith,Hudson,khudson5r@thetimes.co.uk,09 Dryden Street,994-(732)961-1936
209,Thomas,Wheeler,twheeler5s@macromedia.com,03932 Thackeray Plaza,1-(650)783-8060
210,Martha,Campbell,mcampbell5t@census.gov,5 Arrowood Alley,62-(342)225-3599
211,Steven,Rodriguez,srodriguez5u@furl.net,13713 Roth Pass,220-(584)727-6409
212,Richard,Cole,rcole5v@imageshack.us,5139 Morningstar Court,7-(557)855-3174
213,Donald,Larson,dlarson5w@amazon.co.uk,2785 Kingsford Trail,7-(170)260-9423
214,Wanda,Sims,wsims5x@foxnews.com,675 Manitowish Circle,63-(848)301-3876
215,Harry,Freeman,hfreeman5y@tinypic.com,15536 Scott Park,245-(567)561-1877
216,Steven,Hayes,shayes5z@trellian.com,48943 Holmberg Parkway,66-(333)148-1142
217,Karen,Meyer,kmeyer60@hostgator.com,7 Kingsford Center,354-(644)582-8138
218,Norma,Gray,ngray61@lulu.com,804 Victoria Terrace,265-(538)445-5531
219,Ann,Gonzalez,agonzalez62@bbb.org,26332 Thackeray Center,51-(633)954-8252
220,Jean,Schmidt,jschmidt63@toplist.cz,92034 Corben Plaza,505-(714)915-9286
221,Christine,Brooks,cbrooks64@about.me,883 Sugar Trail,216-(303)166-6540
222,Michael,Kim,mkim65@google.nl,1 Dennis Court,86-(603)459-2421
223,Douglas,Frazier,dfrazier66@tiny.cc,3 Lillian Way,86-(651)955-8680
224,Sharon,Mcdonald,smcdonald67@blogs.com,24 Melvin Place,51-(770)343-3520
225,Alan,Elliott,aelliott68@europa.eu,040 Anzinger Parkway,63-(331)722-4549
226,Julie,Gonzalez,jgonzalez69@amazon.co.jp,1 Armistice Place,963-(700)466-6013
227,Harry,Larson,hlarson6a@hubpages.com,888 Bayside Place,62-(527)792-9024
228,Teresa,White,twhite6b@tuttocitta.it,05846 Crest Line Hill,86-(950)745-3014
229,Chris,Webb,cwebb6c@berkeley.edu,4958 Nancy Center,30-(439)191-6141
230,Joseph,Mendoza,jmendoza6d@joomla.org,1 Dunning Pass,966-(340)177-3339
231,Brandon,Little,blittle6e@reverbnation.com,0 Nobel Court,371-(406)435-9427
232,Scott,Burns,sburns6f@symantec.com,4665 Butternut Court,81-(726)438-4317
233,Gerald,Taylor,gtaylor6g@gravatar.com,484 Elmside Drive,86-(433)844-7099
234,Marie,Richardson,mrichardson6h@marketwatch.com,89 Mccormick Center,86-(587)277-2524
235,Pamela,Burton,pburton6i@baidu.com,0 Heath Pass,62-(484)174-8637
236,Angela,Richardson,arichardson6j@wordpress.org,77486 Autumn Leaf Crossing,63-(370)251-5385
237,Samuel,Robinson,srobinson6k@icio.us,810 Arizona Center,226-(825)981-2763
238,Matthew,Kelley,mkelley6l@ow.ly,2531 Truax Lane,63-(784)464-6540
239,Kathy,Johnson,kjohnson6m@utexas.edu,76742 Riverside Crossing,7-(809)323-6747
240,Walter,Frazier,wfrazier6n@skype.com,845 Spenser Circle,86-(318)837-4664
241,Rebecca,Fox,rfox6o@yellowbook.com,97 Huxley Court,55-(244)623-6670
242,Fred,Little,flittle6p@prweb.com,009 Nevada Way,63-(381)643-1625
243,Anna,Ross,aross6q@businessinsider.com,60499 Corry Hill,221-(380)443-2756
244,Harry,Cook,hcook6r@unicef.org,31 Roth Place,63-(272)798-6684
245,Virginia,Kelley,vkelley6s@stanford.edu,0979 Manitowish Point,55-(784)646-3029
246,Benjamin,Little,blittle6t@plala.or.jp,33 Anthes Plaza,1-(619)819-1176
247,Jack,James,jjames6u@lulu.com,4 Orin Plaza,51-(109)619-6220
248,Willie,James,wjames6v@mapquest.com,5394 Vermont Court,355-(140)499-9508
249,Justin,Jacobs,jjacobs6w@reverbnation.com,48124 Westend Avenue,63-(528)641-4288
250,Catherine,Lee,clee6x@prweb.com,60 Golf Junction,63-(726)162-7952
251,Walter,Fisher,wfisher6y@diigo.com,96045 Kinsman Parkway,86-(511)991-9070
252,Ernest,Ferguson,eferguson6z@mapquest.com,401 Algoma Place,7-(694)358-5785
253,Gary,Nelson,gnelson70@wordpress.com,65 Vahlen Road,62-(647)128-3883
254,Lillian,Porter,lporter71@illinois.edu,1756 Springs Pass,81-(217)777-9728
255,Steven,Dean,sdean72@twitter.com,6842 Redwing Place,66-(183)975-2000
256,Wanda,Martinez,wmartinez73@twitpic.com,325 Mockingbird Trail,212-(749)195-8988
257,Rose,Crawford,rcrawford74@homestead.com,036 Atwood Parkway,86-(446)598-8143
258,Timothy,Watkins,twatkins75@comcast.net,43 Alpine Road,64-(898)467-5700
259,Nicole,Welch,nwelch76@dot.gov,810 Ronald Regan Pass,86-(552)720-4973
260,Jean,Cox,jcox77@yolasite.com,96 Texas Center,86-(625)839-5003
261,Sean,Reed,sreed78@businessinsider.com,3251 5th Trail,1-(312)757-6964
262,Maria,Palmer,mpalmer79@usda.gov,9474 3rd Lane,598-(693)292-2477
263,Carol,Lawson,clawson7a@blogs.com,03 Knutson Lane,62-(609)873-6868
264,Jose,Carroll,jcarroll7b@nifty.com,4331 Badeau Plaza,86-(490)617-9182
265,Michelle,Roberts,mroberts7c@printfriendly.com,5560 Melody Hill,86-(814)992-6361
266,Raymond,Garza,rgarza7d@foxnews.com,23691 Hooker Drive,351-(151)946-8821
267,Daniel,Anderson,danderson7e@virginia.edu,71 Sherman Pass,55-(503)131-4664
268,Stephanie,Stephens,sstephens7f@ustream.tv,49 Lakewood Way,36-(166)452-4986
269,Nicole,Ortiz,nortiz7g@yolasite.com,9224 Elgar Avenue,54-(441)924-5172
270,Virginia,Austin,vaustin7h@bloomberg.com,63431 Mesta Drive,380-(988)167-3751
271,Henry,Kennedy,hkennedy7i@blog.com,86 Northridge Terrace,968-(641)982-0615
272,Brenda,Ortiz,bortiz7j@homestead.com,81 Graedel Alley,63-(199)962-3628
273,Brandon,Wood,bwood7k@barnesandnoble.com,2400 Bellgrove Alley,86-(524)923-8619
274,Rebecca,Carter,rcarter7l@mac.com,216 Becker Street,62-(863)523-1969
275,Eric,Nelson,enelson7m@cornell.edu,147 Blue Bill Park Trail,54-(528)840-3863
276,Ashley,Wagner,awagner7n@chronoengine.com,07 Packers Pass,66-(982)834-4689
277,Ashley,Brown,abrown7o@wunderground.com,3584 Macpherson Road,86-(286)191-7061
278,Keith,Jordan,kjordan7p@is.gd,080 Johnson Way,995-(739)935-9309
279,Shirley,Richards,srichards7q@scribd.com,73924 Haas Center,212-(201)619-5878
280,Maria,Gordon,mgordon7r@cbsnews.com,289 Warner Road,48-(339)876-8889
281,Ryan,Hudson,rhudson7s@oracle.com,8 Del Sol Park,965-(439)257-7450
282,Brian,Russell,brussell7t@reuters.com,65686 Butternut Junction,385-(187)668-2556
283,Timothy,Crawford,tcrawford7u@foxnews.com,5037 Cordelia Court,86-(146)322-7326
284,Angela,Ellis,aellis7v@reddit.com,258 Ruskin Terrace,86-(222)499-1525
285,Stephen,Rice,srice7w@columbia.edu,5251 Superior Place,84-(185)798-4780
286,Denise,Simmons,dsimmons7x@uol.com.br,25365 Transport Circle,86-(610)898-8037
287,Gregory,Garcia,ggarcia7y@alexa.com,6857 Boyd Plaza,86-(646)295-4449
288,Jonathan,Chavez,jchavez7z@guardian.co.uk,7 Cambridge Plaza,387-(699)702-1903
289,Judith,Phillips,jphillips80@opensource.org,8074 Hoard Trail,351-(676)933-1926
290,Peter,Ward,pward81@cam.ac.uk,46602 Mosinee Avenue,86-(445)564-8967
291,Stephen,Meyer,smeyer82@barnesandnoble.com,43 Sunbrook Alley,595-(525)423-9759
292,Carlos,Stewart,cstewart83@gizmodo.com,08 Hauk Hill,86-(391)915-1785
293,Karen,Edwards,kedwards84@wikimedia.org,5337 Longview Street,1-(779)495-1322
294,Keith,Adams,kadams85@tiny.cc,06096 Vernon Terrace,353-(825)675-9242
295,Ashley,Hicks,ahicks86@gravatar.com,29039 Mesta Pass,33-(616)968-2497
296,Doris,Barnes,dbarnes87@nature.com,368 Ramsey Parkway,66-(335)659-7954
297,Louis,Stevens,lstevens88@arizona.edu,76131 Burrows Trail,230-(112)774-1803
298,James,Clark,jclark89@drupal.org,52187 Bartelt Plaza,58-(956)183-7568
299,Earl,Henry,ehenry8a@illinois.edu,3 Toban Circle,86-(326)899-5984
300,Phillip,Gonzales,pgonzales8b@virginia.edu,3630 West Center,86-(435)956-9728
301,Albert,Wheeler,awheeler8c@about.me,1772 Bayside Parkway,48-(212)955-3133
302,Russell,Edwards,redwards8d@parallels.com,16515 Fieldstone Park,86-(949)297-6316
303,David,Tucker,dtucker8e@comsenz.com,6 Dawn Junction,62-(253)166-0113
304,Mildred,Hart,mhart8f@forbes.com,1 Melrose Crossing,380-(918)864-2842
305,Angela,Green,agreen8g@gov.uk,51 Rockefeller Circle,1-(425)168-6365
306,Patricia,James,pjames8h@comsenz.com,1 Tennessee Road,7-(686)591-4621
307,Jimmy,Montgomery,jmontgomery8i@live.com,36917 Orin Lane,64-(837)387-0909
308,Janet,Black,jblack8j@merriam-webster.com,0368 Corben Center,66-(660)309-2069
309,Patrick,Gibson,pgibson8k@spiegel.de,27668 Reindahl Court,84-(879)658-7845
310,Mildred,Gray,mgray8l@princeton.edu,433 Reinke Court,93-(203)624-1240
311,Russell,Knight,rknight8m@alexa.com,02654 Meadow Valley Alley,387-(232)885-1051
312,Heather,Coleman,hcoleman8n@gravatar.com,74 Browning Hill,62-(168)559-8583
313,Robert,Hall,rhall8o@netscape.com,93 Maryland Junction,7-(466)415-2539
314,Jason,Gonzales,jgonzales8p@techcrunch.com,651 Melody Circle,62-(155)728-0007
315,Lawrence,Ortiz,lortiz8q@xing.com,303 Green Terrace,86-(201)818-7271
316,Cynthia,Stevens,cstevens8r@myspace.com,89193 Dottie Pass,86-(114)550-4222
317,Eric,Lawrence,elawrence8s@home.pl,5313 John Wall Parkway,381-(910)814-2183
318,Gregory,Payne,gpayne8t@desdev.cn,0794 Farmco Street,7-(567)377-7365
319,Walter,Cook,wcook8u@wunderground.com,6684 Center Way,86-(148)374-7925
320,Jerry,Austin,jaustin8v@nbcnews.com,442 Old Shore Avenue,48-(832)579-1738
321,Mark,Bishop,mbishop8w@is.gd,13670 Northland Crossing,62-(857)631-4982
322,Jason,Palmer,jpalmer8x@dedecms.com,14454 Crownhardt Way,41-(690)885-4253
323,Shirley,Stone,sstone8y@amazon.co.jp,868 Elmside Plaza,370-(616)191-7391
324,Rachel,Peterson,rpeterson8z@chron.com,8890 Elmside Drive,7-(539)335-7629
325,Evelyn,Martin,emartin90@simplemachines.org,347 Lakeland Center,39-(114)774-7458
326,Bobby,Frazier,bfrazier91@jugem.jp,0 Sycamore Plaza,63-(713)941-4892
327,Jack,Garza,jgarza92@squarespace.com,1484 John Wall Crossing,66-(831)276-4085
328,Shawn,Robinson,srobinson93@arizona.edu,8924 Monterey Hill,54-(138)531-9397
329,Ashley,Harper,aharper94@cbc.ca,02 Claremont Crossing,62-(232)763-5611
330,Louise,Sullivan,lsullivan95@craigslist.org,361 Blackbird Terrace,373-(124)689-0089
331,Steven,Rodriguez,srodriguez96@freewebs.com,7102 Nelson Street,237-(523)715-0983
332,Anna,Griffin,agriffin97@stumbleupon.com,53 North Pass,387-(770)671-4894
333,Bonnie,Smith,bsmith98@google.cn,108 Havey Pass,86-(545)260-5766
334,Nicholas,Burton,nburton99@weebly.com,84 Dwight Court,51-(132)403-1696
335,Stephen,Hill,shill9a@domainmarket.com,5420 Myrtle Park,86-(318)749-9445
336,Paul,Payne,ppayne9b@netscape.com,19 Village Drive,7-(882)327-5307
337,Douglas,Kennedy,dkennedy9c@posterous.com,56687 Commercial Circle,84-(223)909-2241
338,Jesse,Riley,jriley9d@twitpic.com,70972 Westridge Avenue,387-(278)115-3019
339,Joseph,Garrett,jgarrett9e@devhub.com,1956 Arrowood Way,970-(466)938-5541
340,Theresa,Sims,tsims9f@behance.net,18 Dexter Parkway,54-(540)171-1119
341,Antonio,Lane,alane9g@themeforest.net,01170 Golf Course Junction,54-(740)528-5984
342,Martin,Patterson,mpatterson9h@edublogs.org,3052 Columbus Avenue,84-(670)288-1030
343,Elizabeth,Marshall,emarshall9i@ibm.com,81162 Columbus Pass,84-(657)374-5075
344,Sarah,Wright,swright9j@indiatimes.com,65 Talmadge Point,66-(337)307-1262
345,Alan,Murray,amurray9k@surveymonkey.com,2970 Dunning Parkway,63-(221)596-7318
346,Aaron,Arnold,aarnold9l@geocities.jp,227 Manley Hill,86-(115)434-2014
347,Arthur,Little,alittle9m@vistaprint.com,2816 Service Lane,48-(253)590-9064
348,Frank,Crawford,fcrawford9n@walmart.com,25703 Ludington Lane,49-(789)780-4495
349,Jerry,Miller,jmiller9o@blogspot.com,3051 Sutteridge Trail,62-(568)645-9003
350,Charles,Hawkins,chawkins9p@jugem.jp,32 Welch Center,86-(991)937-1720
351,Sara,Wright,swright9q@unc.edu,5 Riverside Junction,7-(478)364-0285
352,Katherine,Alvarez,kalvarez9r@auda.org.au,4 Aberg Plaza,62-(494)618-6712
353,Lois,Reed,lreed9s@arstechnica.com,12 Debs Trail,46-(676)469-1837
354,Christine,Chapman,cchapman9t@vinaora.com,8083 Florence Way,357-(453)223-9587
355,Christopher,Kim,ckim9u@webnode.com,4 Union Pass,86-(757)697-9187
356,Christina,Day,cday9v@shareasale.com,438 Stang Court,351-(639)101-0357
357,Ashley,Richardson,arichardson9w@behance.net,8795 Eliot Plaza,62-(662)621-3233
358,Steve,Barnes,sbarnes9x@discuz.net,99884 Orin Avenue,86-(767)140-9828
359,Janet,Lawson,jlawson9y@posterous.com,88993 Atwood Lane,7-(735)206-6995
360,Juan,Wagner,jwagner9z@un.org,68 Carpenter Hill,371-(607)730-2263
361,Laura,Watson,lwatsona0@dailymotion.com,3 Ludington Road,251-(738)945-4948
362,Teresa,Burke,tburkea1@sakura.ne.jp,428 Pankratz Alley,53-(199)713-9256
363,Mildred,George,mgeorgea2@indiatimes.com,093 Reindahl Point,63-(866)160-3110
364,Susan,Marshall,smarshalla3@go.com,386 Upham Park,63-(671)765-9190
365,Timothy,Flores,tfloresa4@dailymail.co.uk,0397 Eagan Way,63-(108)483-5476
366,Tammy,Chapman,tchapmana5@tinypic.com,4562 Bartillon Parkway,52-(400)130-8697
367,Lois,Wilson,lwilsona6@cargocollective.com,77 Delladonna Avenue,58-(102)929-9264
368,Helen,Lawson,hlawsona7@bandcamp.com,2 Southridge Street,7-(233)399-2124
369,Jose,Hayes,jhayesa8@merriam-webster.com,867 Prairie Rose Pass,385-(718)264-4687
370,Pamela,Coleman,pcolemana9@constantcontact.com,754 Kenwood Parkway,84-(817)710-8320
371,Kathryn,Harper,kharperaa@weebly.com,40575 Lotheville Alley,7-(674)889-2469
372,Bonnie,Jenkins,bjenkinsab@unblog.fr,0813 Graedel Circle,51-(570)560-3684
373,Jessica,Hawkins,jhawkinsac@hibu.com,23523 Nobel Drive,52-(993)417-9655
374,Marie,Powell,mpowellad@google.com,62 Debra Road,351-(500)172-9959
375,Nicholas,Hanson,nhansonae@state.tx.us,50 Mandrake Trail,381-(901)899-0847
376,Margaret,Lawrence,mlawrenceaf@archive.org,518 Saint Paul Terrace,352-(224)934-1861
377,Alice,Ramos,aramosag@gmpg.org,959 Johnson Court,86-(957)208-5493
378,Ann,Murphy,amurphyah@squarespace.com,4850 Crescent Oaks Drive,33-(632)230-0678
379,Jimmy,Jenkins,jjenkinsai@discovery.com,2 Bartillon Place,30-(915)358-3425
380,Aaron,Kennedy,akennedyaj@tuttocitta.it,319 La Follette Point,351-(821)893-1474
381,Roger,Diaz,rdiazak@mozilla.org,3 Mendota Way,86-(317)732-8742
382,Sharon,Garza,sgarzaal@networkadvertising.org,1853 Eliot Parkway,54-(713)552-1608
383,Paul,Rose,proseam@paginegialle.it,823 Hoepker Lane,86-(656)732-6906
384,Janice,Arnold,jarnoldan@bandcamp.com,18743 La Follette Trail,86-(292)185-4554
385,Gloria,Rogers,grogersao@indiatimes.com,3 Toban Crossing,55-(546)140-0501
386,Diane,Hudson,dhudsonap@smugmug.com,1 Spohn Parkway,62-(530)965-3978
387,Linda,Nelson,lnelsonaq@comsenz.com,948 Evergreen Way,86-(830)286-4680
388,Sara,Lawson,slawsonar@lycos.com,029 East Terrace,60-(985)846-0456
389,Anthony,Jackson,ajacksonas@salon.com,3774 Raven Circle,51-(625)457-7438
390,Nancy,Greene,ngreeneat@pagesperso-orange.fr,3089 Summerview Junction,81-(139)153-4463
391,Jean,Hicks,jhicksau@nhs.uk,02539 Westerfield Plaza,54-(761)290-2176
392,David,Olson,dolsonav@creativecommons.org,37041 Badeau Pass,52-(936)294-1960
393,Ashley,Gardner,agardneraw@a8.net,914 Sage Plaza,48-(874)330-8033
394,Rebecca,Rogers,rrogersax@imgur.com,5 Bultman Park,994-(438)731-0369
395,Harry,Stephens,hstephensay@si.edu,9 Crownhardt Trail,54-(698)733-5603
396,Stephanie,Reynolds,sreynoldsaz@homestead.com,27 Morning Center,86-(945)557-2236
397,Kenneth,Duncan,kduncanb0@microsoft.com,692 Merrick Way,420-(770)551-1153
398,Mildred,Nguyen,mnguyenb1@nps.gov,2 Claremont Hill,1-(682)362-2105
399,Brenda,Burke,bburkeb2@topsy.com,0335 Cambridge Point,62-(721)999-4902
400,Clarence,Gutierrez,cgutierrezb3@tumblr.com,3 Iowa Court,63-(209)522-5254
401,Joe,King,jkingb4@wisc.edu,1 Menomonie Avenue,7-(182)599-8526
402,Benjamin,Banks,bbanksb5@biglobe.ne.jp,9 Drewry Park,381-(340)361-1303
403,John,Miller,jmillerb6@state.tx.us,369 Oriole Pass,63-(526)267-4532
404,Sean,Washington,swashingtonb7@quantcast.com,6 Leroy Way,86-(342)973-2511
405,Patrick,Gonzalez,pgonzalezb8@mail.ru,66372 Eggendart Circle,509-(122)936-0797
406,Steve,Washington,swashingtonb9@chronoengine.com,776 Corscot Plaza,62-(523)288-0054
407,Jose,Castillo,jcastilloba@ucsd.edu,2 Mandrake Place,1-(905)463-1173
408,Chris,Owens,cowensbb@latimes.com,979 Merrick Street,53-(441)857-1682
409,Antonio,Phillips,aphillipsbc@usatoday.com,03957 Stuart Terrace,47-(207)841-3312
410,Susan,Dunn,sdunnbd@seattletimes.com,2 Blue Bill Park Center,86-(863)463-4157
411,Sara,Burns,sburnsbe@livejournal.com,2 Dryden Plaza,46-(817)131-6950
412,Chris,Wood,cwoodbf@tuttocitta.it,61 Service Circle,595-(642)875-7928
413,Willie,Diaz,wdiazbg@joomla.org,100 Old Gate Plaza,57-(614)755-0150
414,Ruth,Griffin,rgriffinbh@who.int,77 Loftsgordon Alley,1-(713)437-7878
415,Wanda,Daniels,wdanielsbi@unicef.org,159 Dwight Drive,254-(254)433-7278
416,Betty,Morrison,bmorrisonbj@last.fm,3 Old Gate Street,82-(691)225-2455
417,Steven,Fisher,sfisherbk@addthis.com,71216 7th Alley,48-(712)675-1570
418,Ryan,West,rwestbl@xinhuanet.com,04 Acker Avenue,62-(480)129-3595
419,Diana,Cole,dcolebm@tuttocitta.it,7 Fairfield Pass,62-(510)753-5243
420,Gerald,Frazier,gfrazierbn@canalblog.com,9324 Roth Terrace,86-(942)213-0945
421,Howard,Harris,hharrisbo@csmonitor.com,78 Butternut Crossing,62-(556)429-6488
422,Jean,Graham,jgrahambp@fda.gov,56 5th Trail,62-(195)295-0715
423,Evelyn,Bryant,ebryantbq@soup.io,770 Hayes Center,46-(137)265-4003
424,Kevin,Williamson,kwilliamsonbr@1und1.de,5758 Namekagon Center,880-(991)137-4029
425,Justin,Arnold,jarnoldbs@disqus.com,66349 Roth Place,33-(348)554-5039
426,Lori,Carr,lcarrbt@fotki.com,98 Saint Paul Crossing,63-(547)344-1706
427,Russell,Pierce,rpiercebu@boston.com,781 Butternut Hill,86-(852)884-5874
428,Terry,Adams,tadamsbv@ovh.net,89553 Summer Ridge Street,84-(323)454-8872
429,George,Ortiz,gortizbw@cloudflare.com,060 Sauthoff Hill,1-(850)314-0922
430,Janet,Rivera,jriverabx@tuttocitta.it,45 Esch Drive,966-(406)908-3241
431,Julie,Stone,jstoneby@histats.com,02953 Shoshone Junction,375-(495)475-5717
432,Jeremy,Woods,jwoodsbz@ibm.com,2 Thierer Park,7-(342)770-8445
433,Helen,Romero,hromeroc0@bbb.org,8 Summit Road,63-(143)204-3346
434,Bonnie,King,bkingc1@vimeo.com,1619 7th Trail,358-(839)962-9873
435,Terry,Carroll,tcarrollc2@i2i.jp,5058 Bultman Junction,33-(470)402-4349
436,Betty,Little,blittlec3@google.ru,136 Paget Drive,30-(693)227-0000
437,Lillian,Owens,lowensc4@marketwatch.com,64798 Vera Center,976-(746)397-9326
438,Martha,Long,mlongc5@timesonline.co.uk,60146 Buell Pass,62-(708)520-1026
439,Ronald,Pierce,rpiercec6@bing.com,0 Acker Hill,62-(977)776-3313
440,Christina,Flores,cfloresc7@pcworld.com,0 Grasskamp Trail,370-(657)775-1107
441,Gregory,Andrews,gandrewsc8@upenn.edu,303 Fairview Terrace,420-(894)465-3957
442,Todd,Dunn,tdunnc9@gizmodo.com,734 Barby Avenue,1-(440)933-3956
443,Julie,Gonzales,jgonzalesca@shutterfly.com,235 Commercial Pass,62-(171)576-9878
444,David,Dixon,ddixoncb@jalbum.net,1 Stoughton Hill,86-(450)784-8523
445,Ruth,Brooks,rbrookscc@hubpages.com,145 Northridge Junction,389-(448)179-7816
446,Sharon,Harris,sharriscd@ocn.ne.jp,800 Bay Lane,86-(275)729-5381
447,James,Kelley,jkelleyce@apache.org,59353 Bluestem Lane,62-(437)979-5740
448,George,Rogers,grogerscf@comsenz.com,1189 Rigney Lane,46-(967)360-6673
449,Linda,Elliott,lelliottcg@nps.gov,655 Merchant Avenue,63-(344)586-5784
450,Lois,Bishop,lbishopch@usda.gov,43 Westridge Junction,7-(111)422-4576
451,Gloria,Clark,gclarkci@phoca.cz,26 Macpherson Circle,375-(156)424-5858
452,Jean,Phillips,jphillipscj@engadget.com,166 Fairfield Place,686-(446)373-1587
453,Nicole,Bailey,nbaileyck@huffingtonpost.com,489 Lerdahl Point,351-(593)253-7771
454,Nancy,Ross,nrosscl@sitemeter.com,75583 Nancy Hill,1-(702)948-9170
455,Debra,Carroll,dcarrollcm@scientificamerican.com,3484 Pawling Lane,57-(354)668-9446
456,Diane,Ramirez,dramirezcn@vk.com,0 Corry Park,48-(508)755-4859
457,Albert,Ryan,aryanco@istockphoto.com,74 Blackbird Pass,62-(453)520-8365
458,Justin,Rose,jrosecp@comcast.net,47894 Hanover Plaza,965-(775)526-7721
459,Kathy,Bradley,kbradleycq@liveinternet.ru,94 Warrior Road,53-(246)373-7372
460,Gregory,Hawkins,ghawkinscr@oaic.gov.au,5 Nevada Terrace,86-(353)357-3353
461,Victor,Cox,vcoxcs@zimbio.com,1340 Burrows Place,86-(883)183-7244
462,Bruce,Andrews,bandrewsct@japanpost.jp,79 Northridge Lane,82-(839)614-3073
463,Jose,Washington,jwashingtoncu@fastcompany.com,07 Anhalt Circle,86-(308)976-9573
464,Larry,Myers,lmyerscv@wufoo.com,161 Forster Center,63-(799)749-4837
465,Daniel,Gibson,dgibsoncw@huffingtonpost.com,58230 Vahlen Plaza,1-(732)786-8033
466,Dorothy,Lopez,dlopezcx@foxnews.com,6 Transport Alley,81-(948)712-6407
467,Julia,Watkins,jwatkinscy@seattletimes.com,248 Hooker Court,593-(840)224-3186
468,Philip,Long,plongcz@tinypic.com,61 Service Center,31-(301)513-4823
469,Cheryl,Walker,cwalkerd0@sogou.com,44861 Eagan Road,1-(817)392-9799
470,Kimberly,Cooper,kcooperd1@blogger.com,83078 Oak Trail,63-(248)380-9536
471,Rose,Butler,rbutlerd2@google.cn,58 Ruskin Point,7-(721)367-9942
472,Diane,Ruiz,druizd3@umich.edu,026 Muir Junction,86-(908)910-7984
473,Gerald,Lewis,glewisd4@bing.com,155 Comanche Avenue,62-(834)242-9688
474,Craig,Hawkins,chawkinsd5@bloomberg.com,960 Northview Street,86-(736)609-6318
475,Christopher,Cook,ccookd6@baidu.com,475 Porter Terrace,212-(608)328-8492
476,Walter,Baker,wbakerd7@intel.com,8497 Service Alley,351-(260)413-6149
477,Julia,Lawrence,jlawrenced8@sakura.ne.jp,18 Holmberg Street,7-(457)715-7804
478,Jerry,Morales,jmoralesd9@auda.org.au,64 Rigney Pass,86-(766)504-5558
479,Aaron,Stevens,astevensda@dmoz.org,4 Linden Crossing,1-(676)919-4531
480,Phillip,Sullivan,psullivandb@nasa.gov,045 4th Drive,48-(258)828-8230
481,Nicholas,Rogers,nrogersdc@cdc.gov,9 Merrick Court,374-(306)376-2034
482,Brian,Coleman,bcolemandd@cpanel.net,97 Anniversary Alley,55-(885)930-5443
483,Anthony,Bailey,abaileyde@time.com,7 Clemons Trail,52-(442)282-6707
484,Bonnie,Nelson,bnelsondf@macromedia.com,881 Montana Hill,86-(620)413-0503
485,Tina,Bell,tbelldg@hud.gov,5230 Nova Hill,98-(348)711-2841
486,Lillian,Hicks,lhicksdh@google.ru,5068 Shasta Place,264-(783)609-4254
487,Ruth,Mitchell,rmitchelldi@qq.com,4 Portage Road,420-(400)576-6410
488,Eugene,Gray,egraydj@yahoo.com,1928 Manufacturers Hill,30-(505)812-3466
489,George,Lopez,glopezdk@soundcloud.com,67433 Shoshone Alley,48-(736)944-7007
490,Nicole,Butler,nbutlerdl@wunderground.com,825 Waywood Plaza,86-(892)514-1623
491,Harold,Brooks,hbrooksdm@japanpost.jp,9 1st Hill,60-(465)575-8668
492,Alan,Reed,areeddn@marriott.com,169 Oneill Trail,375-(853)475-4564
493,Martin,Wright,mwrightdo@eventbrite.com,5 Melody Way,20-(143)632-9846
494,Timothy,Coleman,tcolemandp@hubpages.com,4 Portage Circle,55-(437)942-8621
495,Dorothy,Burton,dburtondq@altervista.org,9727 Roth Street,98-(335)266-9665
496,Anna,Collins,acollinsdr@last.fm,8660 Weeping Birch Road,963-(626)623-3923
497,Frank,Perez,fperezds@hp.com,88780 Roth Terrace,92-(553)326-0223
498,Gerald,Gonzalez,ggonzalezdt@ucla.edu,12 Eastwood Hill,1-(321)191-9198
499,Roger,Simmons,rsimmonsdu@dailymotion.com,226 Grim Street,86-(894)574-6470
500,Nicole,Dixon,ndixondv@bizjournals.com,9135 Grim Pass,20-(927)221-6134
501,John,Wells,jwellsdw@ameblo.jp,1 Ronald Regan Plaza,86-(445)841-8555
502,Laura,Evans,levansdx@time.com,43022 Oak Valley Center,54-(783)223-0987
503,Brandon,Grant,bgrantdy@google.de,5 Del Mar Pass,291-(837)993-8061
504,Helen,Kennedy,hkennedydz@flavors.me,01564 Hansons Hill,27-(252)974-2328
505,Katherine,Dixon,kdixone0@ibm.com,74806 Kinsman Road,47-(942)870-7193
506,Annie,Burns,aburnse1@i2i.jp,96 Hanover Parkway,62-(464)756-0493
507,Douglas,Mitchell,dmitchelle2@usatoday.com,463 Artisan Road,351-(393)507-9012
508,Julia,Thomas,jthomase3@dailymail.co.uk,45 Florence Street,7-(560)412-1667
509,Patrick,Taylor,ptaylore4@hugedomains.com,7561 Rutledge Lane,383-(675)563-7077
510,Amanda,Moore,amooree5@toplist.cz,8 Spaight Plaza,55-(420)974-3485
511,Martin,Tucker,mtuckere6@odnoklassniki.ru,64184 Washington Road,62-(729)430-8375
512,Sharon,Lane,slanee7@dmoz.org,898 Mifflin Circle,63-(813)289-7316
513,Mark,West,mweste8@prnewswire.com,4454 Holy Cross Alley,62-(427)123-8994
514,Judy,Franklin,jfrankline9@nytimes.com,0 Cottonwood Lane,1-(309)406-1697
515,Norma,Kelley,nkelleyea@slashdot.org,4 Ludington Trail,1-(360)965-0051
516,Karen,Carr,kcarreb@nsw.gov.au,48977 Wayridge Center,358-(114)367-1291
517,Christopher,Webb,cwebbec@reference.com,5457 Nancy Park,62-(231)524-1745
518,Ryan,Wagner,rwagnered@howstuffworks.com,97938 Village Green Park,689-(308)303-9035
519,Marilyn,Lawrence,mlawrenceee@timesonline.co.uk,46 Independence Court,7-(290)543-6342
520,William,Harper,wharperef@live.com,68390 Magdeline Alley,62-(197)865-9990
521,Betty,Greene,bgreeneeg@php.net,8 Muir Way,593-(833)630-2894
522,Juan,Jones,jjoneseh@mapy.cz,39003 Harbort Street,55-(729)925-7635
523,Brenda,Shaw,bshawei@ihg.com,70772 Nancy Plaza,86-(449)348-9343
524,Dennis,Coleman,dcolemanej@mapquest.com,1 Bobwhite Terrace,62-(361)907-5046
525,Lois,Williams,lwilliamsek@mysql.com,18417 New Castle Terrace,62-(304)509-2642
526,Mark,Sanchez,msanchezel@about.me,846 Lake View Alley,54-(773)559-2203
527,Christina,Marshall,cmarshallem@vk.com,8 Jenifer Lane,62-(766)826-4958
528,Melissa,Miller,mmilleren@list-manage.com,37 Prairieview Crossing,86-(117)391-8856
529,Frances,Matthews,fmatthewseo@sun.com,379 Center Court,62-(719)571-7773
530,Andrew,Lawson,alawsonep@newyorker.com,8 Forest Lane,51-(129)700-3130
531,Russell,Mason,rmasoneq@domainmarket.com,26 Jenna Plaza,86-(812)218-1464
532,Randy,Thomas,rthomaser@huffingtonpost.com,52 Morning Court,230-(891)854-2155
533,Andrea,George,ageorgees@typepad.com,89 Kings Park,84-(551)211-0109
534,Shirley,Perez,sperezet@eepurl.com,45 Pawling Road,66-(544)988-5003
535,Gloria,Brown,gbrowneu@ifeng.com,17740 Transport Place,374-(586)678-1797
536,Christopher,Morris,cmorrisev@auda.org.au,44 Holmberg Alley,7-(812)684-4808
537,Kimberly,Perez,kperezew@fastcompany.com,3936 Prairieview Park,374-(621)869-3635
538,Anna,Crawford,acrawfordex@geocities.jp,721 Oak Valley Place,234-(358)571-7166
539,Stephanie,Hawkins,shawkinsey@jugem.jp,32 Ludington Center,261-(627)284-7188
540,Tina,Stephens,tstephensez@cyberchimps.com,9437 Northridge Point,269-(688)895-7652
541,Gary,Wood,gwoodf0@ning.com,383 Butternut Street,86-(548)178-2972
542,Jerry,Jenkins,jjenkinsf1@constantcontact.com,7 Forest Run Plaza,52-(808)570-8814
543,Frank,Murphy,fmurphyf2@google.com.br,6459 Magdeline Parkway,62-(291)218-4599
544,Bonnie,Torres,btorresf3@youku.com,66568 Manufacturers Alley,63-(920)267-4314
545,Mark,Morales,mmoralesf4@fastcompany.com,75 Rowland Plaza,598-(649)982-4618
546,Jean,Larson,jlarsonf5@smh.com.au,9 Spohn Road,48-(140)934-0897
547,Lillian,Matthews,lmatthewsf6@timesonline.co.uk,42 Scoville Junction,48-(318)327-9004
548,Carlos,Bell,cbellf7@chronoengine.com,8 Sunfield Avenue,86-(155)320-1286
549,Lawrence,Romero,lromerof8@ucla.edu,873 Bobwhite Hill,351-(823)485-5018
550,Nicole,King,nkingf9@g.co,192 Lyons Street,51-(877)811-4353
551,Brandon,Frazier,bfrazierfa@goo.ne.jp,09016 Corben Avenue,7-(607)970-2342
552,Terry,Ward,twardfb@hhs.gov,60 Springs Crossing,55-(510)480-8559
553,Kevin,Murphy,kmurphyfc@elegantthemes.com,45558 Express Place,235-(319)676-2328
554,Alan,Richardson,arichardsonfd@zimbio.com,04 Mallard Center,46-(342)410-7109
555,Linda,Scott,lscottfe@printfriendly.com,4 Judy Pass,60-(747)649-1262
556,Shirley,Mason,smasonff@mozilla.com,319 Hoffman Trail,63-(388)341-0238
557,Andrea,Snyder,asnyderfg@simplemachines.org,045 Vermont Hill,63-(325)507-4023
558,Helen,Martin,hmartinfh@ca.gov,18 Becker Hill,62-(524)300-3627
559,Sara,Spencer,sspencerfi@wunderground.com,367 Golf Course Hill,7-(476)954-1312
560,Ryan,Hunt,rhuntfj@soup.io,964 Carberry Center,62-(801)340-2033
561,Janet,Woods,jwoodsfk@paginegialle.it,6376 Haas Lane,62-(896)423-6094
562,Justin,Ross,jrossfl@elegantthemes.com,5271 Truax Drive,86-(497)258-3248
563,Louis,Gonzales,lgonzalesfm@wordpress.org,40121 Maple Crossing,234-(903)384-3614
564,Judith,George,jgeorgefn@fema.gov,08 Myrtle Avenue,46-(846)539-5723
565,Sara,Marshall,smarshallfo@cnbc.com,8 Garrison Way,1-(481)620-3064
566,Amy,Meyer,ameyerfp@unesco.org,3547 New Castle Drive,1-(700)946-8083
567,Carol,Webb,cwebbfq@msn.com,5 Southridge Drive,33-(880)747-6078
568,Clarence,Henry,chenryfr@sohu.com,7016 Schiller Avenue,81-(684)742-2463
569,Marie,Webb,mwebbfs@netlog.com,66 Lawn Parkway,962-(646)622-3997
570,Irene,Davis,idavisft@yale.edu,511 South Plaza,64-(810)676-5844
571,Julia,Baker,jbakerfu@ibm.com,26 Sycamore Crossing,51-(276)468-1916
572,Sandra,Ryan,sryanfv@wsj.com,12 Grim Point,86-(677)803-0639
573,Steven,Fuller,sfullerfw@technorati.com,1 Del Mar Place,62-(962)809-9492
574,Dorothy,Pierce,dpiercefx@phpbb.com,524 Algoma Avenue,86-(575)961-9120
575,Douglas,Hudson,dhudsonfy@t-online.de,38 Prairie Rose Crossing,55-(100)709-3489
576,Michelle,White,mwhitefz@delicious.com,4 Trailsway Way,94-(245)838-7575
577,Janet,Wilson,jwilsong0@weebly.com,7000 Butterfield Crossing,86-(577)271-9572
578,Gloria,Banks,gbanksg1@si.edu,24160 Southridge Court,216-(813)561-8637
579,Kenneth,Nelson,knelsong2@yellowpages.com,13251 Gateway Trail,48-(238)578-6066
580,Carl,Perez,cperezg3@vistaprint.com,5988 Mayer Drive,34-(695)799-6239
581,Jesse,Hanson,jhansong4@t.co,0420 Nelson Place,86-(333)589-2351
582,Russell,Morris,rmorrisg5@hatena.ne.jp,80686 Graedel Park,86-(725)851-0472
583,Gregory,Wright,gwrightg6@bbc.co.uk,4147 Bay Place,86-(400)895-1460
584,Clarence,Gilbert,cgilbertg7@cmu.edu,33720 La Follette Pass,975-(636)552-4895
585,Benjamin,Olson,bolsong8@oracle.com,8 Sherman Junction,380-(767)672-5889
586,Carlos,Ford,cfordg9@pen.io,259 Fallview Circle,420-(990)552-5704
587,Eric,Clark,eclarkga@opensource.org,6 Packers Lane,976-(761)245-8804
588,Jack,Gordon,jgordongb@fc2.com,4 Alpine Court,86-(897)413-2692
589,Virginia,Hansen,vhansengc@joomla.org,075 Merchant Pass,57-(142)460-3908
590,Amy,Porter,aportergd@cnet.com,1804 John Wall Drive,86-(268)872-6382
591,Phyllis,Matthews,pmatthewsge@pinterest.com,885 Fair Oaks Street,351-(387)493-8047
592,Gary,Jacobs,gjacobsgf@deliciousdays.com,8349 Gale Pass,86-(615)627-1932
593,Patricia,Watkins,pwatkinsgg@utexas.edu,93573 Duke Drive,66-(226)883-2473
594,David,Butler,dbutlergh@bizjournals.com,9604 Drewry Center,976-(380)351-2555
595,Howard,Reed,hreedgi@dailymail.co.uk,3553 Mariners Cove Drive,86-(595)998-2379
596,Judy,Long,jlonggj@ed.gov,46530 Warner Terrace,7-(778)419-9148
597,Keith,Brooks,kbrooksgk@cornell.edu,754 Drewry Place,86-(496)633-8991
598,Michael,Morgan,mmorgangl@redcross.org,858 Pierstorff Plaza,1-(330)134-5895
599,Jacqueline,Schmidt,jschmidtgm@homestead.com,72573 Surrey Pass,232-(436)913-7761
600,Jimmy,Allen,jallengn@time.com,9224 Heath Parkway,86-(241)345-8895
601,Bonnie,Nelson,bnelsongo@ox.ac.uk,06 Amoth Circle,505-(871)854-3228
602,Earl,Wilson,ewilsongp@admin.ch,357 Spohn Place,269-(836)259-9599
603,Janet,Ward,jwardgq@netvibes.com,19760 Logan Road,420-(573)996-7209
604,Judy,Mason,jmasongr@nydailynews.com,6 Loeprich Avenue,55-(385)920-0826
605,Donna,Gray,dgraygs@google.es,78 Mcguire Circle,27-(954)710-8895
606,Sarah,Johnson,sjohnsongt@archive.org,338 Hanover Place,593-(467)275-4970
607,Adam,Fields,afieldsgu@amazon.com,8298 Prentice Hill,7-(285)324-2281
608,Maria,Wells,mwellsgv@wordpress.com,72 Lyons Way,223-(785)831-3565
609,Marie,Jenkins,mjenkinsgw@yolasite.com,60082 Linden Trail,1-(847)440-7617
610,Jesse,Richards,jrichardsgx@patch.com,29006 Warbler Lane,1-(444)598-4065
611,Peter,Edwards,pedwardsgy@columbia.edu,68 Duke Road,389-(184)955-7138
612,Jean,Nichols,jnicholsgz@wikipedia.org,991 Melvin Place,86-(691)626-6288
613,Larry,Hernandez,lhernandezh0@macromedia.com,87 Superior Park,358-(865)357-1472
614,Carol,Foster,cfosterh1@nba.com,7629 Twin Pines Park,86-(108)978-8574
615,Kelly,Thomas,kthomash2@purevolume.com,35 Autumn Leaf Point,63-(571)563-3090
616,Kathryn,Perry,kperryh3@chronoengine.com,255 Portage Street,86-(654)672-0181
617,Diana,Parker,dparkerh4@techcrunch.com,0 Harbort Terrace,46-(445)967-6954
618,Kelly,Hunt,khunth5@g.co,556 Eastlawn Plaza,62-(211)760-8175
619,Lisa,Welch,lwelchh6@upenn.edu,5 Blackbird Point,49-(268)805-5559
620,Larry,Roberts,lrobertsh7@bloglovin.com,0 Maple Plaza,86-(640)624-4333
621,Stephanie,Grant,sgranth8@about.com,36 Main Center,685-(545)662-3530
622,Arthur,Watson,awatsonh9@alexa.com,17 Green Plaza,63-(847)399-5970
623,Daniel,Hicks,dhicksha@ask.com,4344 Ludington Lane,86-(378)865-5251
624,Anna,Martin,amartinhb@independent.co.uk,845 American Hill,86-(407)978-4992
625,Bruce,Rose,brosehc@irs.gov,4350 Mifflin Park,86-(653)262-6958
626,Kevin,Mccoy,kmccoyhd@storify.com,46 Cody Avenue,255-(159)738-8197
627,Phyllis,Price,ppricehe@reverbnation.com,174 Surrey Crossing,55-(799)206-2563
628,Henry,King,hkinghf@fastcompany.com,27 Arkansas Alley,57-(519)239-9032
629,Barbara,Robinson,brobinsonhg@taobao.com,534 Harper Crossing,81-(592)784-7932
630,Amy,Simpson,asimpsonhh@scribd.com,2 Doe Crossing Place,353-(270)871-5492
631,Tina,Perkins,tperkinshi@jugem.jp,55 Crownhardt Road,55-(973)195-3128
632,George,Gibson,ggibsonhj@flavors.me,2 Debra Way,52-(467)532-4398
633,Billy,Jordan,bjordanhk@telegraph.co.uk,84 Northwestern Trail,62-(404)906-7173
634,William,Hughes,whugheshl@blogger.com,95583 Village Pass,351-(408)933-5690
635,Ann,Wheeler,awheelerhm@google.ca,53779 Hoffman Way,86-(735)130-7587
636,Joe,Reed,jreedhn@dailymail.co.uk,32 Reinke Avenue,92-(524)375-8518
637,Jean,Armstrong,jarmstrongho@nytimes.com,118 Rusk Way,420-(107)583-0409
638,Raymond,Clark,rclarkhp@cargocollective.com,84989 Cardinal Junction,33-(293)220-6350
639,Henry,Palmer,hpalmerhq@comcast.net,000 Onsgard Parkway,63-(758)150-1853
640,Katherine,Fuller,kfullerhr@ask.com,12888 Rusk Plaza,46-(145)673-8495
641,William,Franklin,wfranklinhs@acquirethisname.com,4 Meadow Ridge Circle,256-(812)104-0385
642,Frank,Miller,fmillerht@cnn.com,63 Troy Parkway,33-(303)405-1719
643,Michael,Howell,mhowellhu@parallels.com,73 Schmedeman Terrace,86-(509)571-6206
644,Ryan,Stevens,rstevenshv@de.vu,96194 Artisan Avenue,380-(696)790-2279
645,Judy,Patterson,jpattersonhw@shop-pro.jp,38339 Golden Leaf Crossing,48-(847)574-8878
646,Diane,Price,dpricehx@cam.ac.uk,37492 Carey Lane,57-(540)508-9981
647,Victor,Welch,vwelchhy@example.com,470 Michigan Alley,55-(999)809-8323
648,Kathy,Perkins,kperkinshz@mysql.com,63 Mcguire Way,62-(149)265-6228
649,Barbara,Dunn,bdunni0@cnn.com,82926 Transport Crossing,54-(888)429-0506
650,Rachel,Meyer,rmeyeri1@netscape.com,47490 Atwood Plaza,352-(999)158-3991
651,Kathy,Roberts,krobertsi2@51.la,04409 6th Park,55-(741)167-9538
652,Betty,Willis,bwillisi3@wufoo.com,7 Ohio Crossing,86-(112)575-6903
653,Rebecca,Cruz,rcruzi4@nyu.edu,968 Dahle Alley,62-(486)387-8646
654,Rose,Schmidt,rschmidti5@drupal.org,62656 Village Green Way,86-(207)413-9614
655,Tina,Wright,twrighti6@naver.com,7539 Bunker Hill Street,216-(833)764-7651
656,Kathryn,Johnston,kjohnstoni7@deliciousdays.com,23 Vera Point,62-(605)185-2006
657,Alice,Carpenter,acarpenteri8@howstuffworks.com,3 East Avenue,48-(490)797-6899
658,Andrew,Matthews,amatthewsi9@hostgator.com,21 Iowa Way,57-(603)941-2179
659,Beverly,Banks,bbanksia@feedburner.com,68 Victoria Way,66-(411)834-7915
660,Cheryl,Phillips,cphillipsib@ft.com,9603 Melby Hill,1-(423)554-9494
661,Ruth,Peters,rpetersic@soup.io,86065 Bluejay Terrace,81-(945)231-8253
662,Theresa,Austin,taustinid@slashdot.org,7 Pankratz Alley,46-(129)826-5255
663,Scott,Patterson,spattersonie@cnn.com,1 Nobel Plaza,27-(699)528-0016
664,Kelly,Harrison,kharrisonif@ed.gov,51094 Kinsman Lane,351-(467)119-1914
665,Christine,Brooks,cbrooksig@marriott.com,23 Brown Street,86-(318)886-6314
666,Rose,Rodriguez,rrodriguezih@webs.com,94787 Darwin Trail,66-(101)873-5970
667,Brian,Carter,bcarterii@networkadvertising.org,0738 Brickson Park Point,81-(453)770-8584
668,Lillian,Payne,lpayneij@bloglines.com,52200 Schiller Parkway,7-(520)631-7556
669,Albert,Burns,aburnsik@nhs.uk,496 Blue Bill Park Terrace,30-(445)749-0373
670,Peter,Carr,pcarril@rediff.com,593 Esker Park,86-(202)196-4452
671,Brandon,Garrett,bgarrettim@blog.com,971 Anthes Drive,81-(297)746-2513
672,Roy,Evans,revansin@amazonaws.com,30707 Hayes Road,62-(526)563-9314
673,Peter,Gomez,pgomezio@networksolutions.com,45 Karstens Pass,1-(740)327-2093
674,Andrea,Ramos,aramosip@netscape.com,74 Lawn Pass,33-(385)876-9098
675,Jennifer,Hunt,jhuntiq@myspace.com,11 Kinsman Park,86-(165)471-0355
676,Todd,Black,tblackir@cafepress.com,14 Lunder Parkway,81-(120)799-5293
677,Alice,Simpson,asimpsonis@mac.com,44035 Grim Pass,86-(926)746-8174
678,Gerald,Butler,gbutlerit@moonfruit.com,5 Elgar Circle,590-(659)650-0209
679,Timothy,Fuller,tfulleriu@vimeo.com,32 Drewry Drive,86-(278)729-1880
680,Douglas,Ross,drossiv@posterous.com,0620 Mayer Trail,48-(391)778-5378
681,Robin,Burns,rburnsiw@statcounter.com,834 Russell Park,261-(885)229-4506
682,Linda,Mcdonald,lmcdonaldix@shareasale.com,3005 Texas Point,359-(144)485-6993
683,Diana,Vasquez,dvasqueziy@mozilla.com,3 Grover Trail,46-(782)982-3609
684,Mildred,Smith,msmithiz@elpais.com,27353 Sommers Junction,47-(998)132-9863
685,Donald,Long,dlongj0@google.nl,14 Delaware Alley,33-(734)898-3144
686,Jose,Rodriguez,jrodriguezj1@tinypic.com,105 Lillian Avenue,54-(734)909-1965
687,Jason,Simpson,jsimpsonj2@elpais.com,5540 Nova Street,1-(786)767-5176
688,Peter,Stephens,pstephensj3@sitemeter.com,0 Mccormick Park,62-(624)412-9845
689,Evelyn,Ryan,eryanj4@ehow.com,17962 Hovde Lane,86-(708)828-5872
690,James,Owens,jowensj5@soup.io,78922 Bowman Lane,86-(881)461-9880
691,Patricia,Ramirez,pramirezj6@list-manage.com,8166 Thackeray Avenue,970-(183)100-4467
692,Sarah,Wood,swoodj7@cnn.com,142 Alpine Avenue,33-(510)197-9081
693,Andrea,Robinson,arobinsonj8@gizmodo.com,021 Farragut Pass,86-(692)813-3527
694,Ernest,Weaver,eweaverj9@nature.com,56910 Parkside Place,54-(208)761-2078
695,Ruth,Hawkins,rhawkinsja@slideshare.net,7456 Forster Lane,53-(438)568-3776
696,Gary,Fernandez,gfernandezjb@java.com,327 Bartillon Alley,54-(942)684-9573
697,Sara,Kim,skimjc@cargocollective.com,01663 Prairie Rose Road,507-(401)833-4235
698,Rose,Weaver,rweaverjd@vistaprint.com,09 Marquette Trail,86-(131)914-0690
699,Douglas,Payne,dpayneje@si.edu,721 Northview Avenue,84-(918)660-9876
700,Kenneth,Gonzalez,kgonzalezjf@freewebs.com,78255 6th Trail,86-(424)902-1468
701,Paul,Martinez,pmartinezjg@nsw.gov.au,7312 Sullivan Junction,48-(478)321-8845
702,Nancy,Schmidt,nschmidtjh@indiegogo.com,04 Washington Parkway,86-(180)295-8927
703,Angela,Fox,afoxji@house.gov,3 Ridgeview Way,60-(139)338-7575
704,Lois,Anderson,landersonjj@soundcloud.com,3 Westend Point,1-(612)701-5552
705,John,Bishop,jbishopjk@intel.com,4 Union Terrace,62-(775)262-9119
706,Teresa,Dean,tdeanjl@utexas.edu,404 Gale Drive,63-(969)402-6416
707,Kimberly,Medina,kmedinajm@artisteer.com,13614 Meadow Vale Terrace,86-(337)978-8271
708,Deborah,Jenkins,djenkinsjn@storify.com,47 Dennis Road,55-(650)301-1192
709,Richard,Ruiz,rruizjo@ustream.tv,39 Green Ridge Plaza,225-(710)432-2731
710,Craig,Young,cyoungjp@howstuffworks.com,4493 Kipling Hill,504-(818)779-2363
711,Julia,Hicks,jhicksjq@xinhuanet.com,4278 Golden Leaf Place,92-(366)902-6075
712,Rose,Ross,rrossjr@addtoany.com,80620 Heath Avenue,63-(915)423-8492
713,Jerry,Murphy,jmurphyjs@opera.com,2762 Transport Terrace,86-(360)551-1876
714,Mark,Ortiz,mortizjt@pcworld.com,7 Duke Avenue,976-(909)833-6535
715,Janet,James,jjamesju@auda.org.au,9 Ohio Pass,86-(740)325-0899
716,Nancy,Pierce,npiercejv@addthis.com,82 Hovde Avenue,506-(200)911-2995
717,Harry,Peterson,hpetersonjw@google.it,7732 Cascade Parkway,351-(191)240-3299
718,Richard,Simmons,rsimmonsjx@themeforest.net,83586 Haas Point,86-(885)623-5561
719,Samuel,Payne,spaynejy@about.me,01 Warner Pass,351-(920)741-3112
720,Philip,Ryan,pryanjz@irs.gov,75 Sundown Terrace,62-(692)485-0191
721,Marilyn,Fernandez,mfernandezk0@wix.com,89 Calypso Circle,86-(546)107-8016
722,Wayne,Crawford,wcrawfordk1@google.cn,92696 Hooker Plaza,58-(469)278-9030
723,Harold,Ford,hfordk2@about.me,623 Knutson Place,86-(963)430-2800
724,Anthony,Reyes,areyesk3@mysql.com,9 Anthes Alley,46-(795)501-5130
725,Ruth,Reynolds,rreynoldsk4@usgs.gov,17911 Green Alley,55-(275)234-9890
726,Gary,Watkins,gwatkinsk5@sphinn.com,93846 Oxford Avenue,62-(673)422-1988
727,Frank,Hernandez,fhernandezk6@netscape.com,565 Waubesa Place,86-(518)254-2413
728,Ruth,Russell,rrussellk7@mozilla.org,747 Pennsylvania Street,64-(589)286-3603
729,Patrick,Carter,pcarterk8@slashdot.org,37014 Michigan Way,358-(962)801-8323
730,Anna,Moore,amoorek9@jalbum.net,05 Summerview Plaza,62-(751)773-6440
731,Anna,Alvarez,aalvarezka@sciencedirect.com,6090 Dahle Court,63-(655)556-4571
732,Denise,Alexander,dalexanderkb@mail.ru,6 Bowman Hill,86-(562)873-0540
733,Ronald,Peterson,rpetersonkc@cam.ac.uk,751 Lillian Plaza,51-(673)537-4402
734,Mary,Carroll,mcarrollkd@washingtonpost.com,1535 Hoard Way,351-(772)918-9263
735,Samuel,Bryant,sbryantke@google.co.uk,05972 Melrose Street,351-(549)256-1083
736,Rose,Gordon,rgordonkf@shareasale.com,4666 Sunnyside Court,34-(680)451-2856
737,Charles,Owens,cowenskg@cornell.edu,1 Farwell Place,62-(111)972-0286
738,Jessica,Coleman,jcolemankh@chronoengine.com,1 Muir Street,62-(327)197-3759
739,Frank,Jenkins,fjenkinski@theguardian.com,5803 Moulton Trail,351-(135)449-1416
740,Henry,Cooper,hcooperkj@europa.eu,3681 Manitowish Way,82-(786)331-3689
741,Michelle,Snyder,msnyderkk@nsw.gov.au,61737 Lakeland Avenue,86-(976)281-3326
742,Rose,Garcia,rgarciakl@de.vu,624 Ramsey Junction,86-(596)487-4896
743,Annie,Olson,aolsonkm@mozilla.org,6 Drewry Street,63-(882)729-4514
744,Douglas,Ramos,dramoskn@prweb.com,3 Muir Lane,234-(106)694-7370
745,Kathleen,Brown,kbrownko@jalbum.net,9645 Memorial Way,66-(564)250-6156
746,Jimmy,Barnes,jbarneskp@mail.ru,965 Heath Lane,62-(187)227-6398
747,William,Coleman,wcolemankq@youtube.com,4 Loftsgordon Place,420-(922)305-1920
748,Brandon,Burton,bburtonkr@com.com,1 Nelson Junction,7-(297)719-5447
749,Jason,Perez,jperezks@salon.com,2773 Maple Wood Trail,86-(201)885-9953
750,Nicole,Hawkins,nhawkinskt@sogou.com,8 Butternut Pass,86-(610)532-6325
751,Jennifer,Kelly,jkellyku@smugmug.com,51402 Hudson Trail,850-(357)268-5227
752,Harry,Frazier,hfrazierkv@deliciousdays.com,496 Redwing Point,62-(922)763-6714
753,Melissa,Edwards,medwardskw@is.gd,407 Rowland Junction,62-(113)733-2750
754,Jeffrey,Morrison,jmorrisonkx@dell.com,40 Thackeray Street,86-(955)495-4220
755,Edward,Jacobs,ejacobsky@google.pl,4 Washington Crossing,33-(153)240-7318
756,Chris,Griffin,cgriffinkz@wiley.com,908 Dahle Lane,86-(692)508-5714
757,Matthew,Russell,mrusselll0@mashable.com,1 Derek Alley,62-(433)315-0314
758,Ralph,Harris,rharrisl1@dailymail.co.uk,24185 Waxwing Drive,86-(597)599-7140
759,Michael,Washington,mwashingtonl2@shinystat.com,71975 Kenwood Lane,52-(792)818-8322
760,James,Hudson,jhudsonl3@purevolume.com,57683 Delaware Pass,351-(733)596-8693
761,Roger,Cunningham,rcunninghaml4@hugedomains.com,12 Haas Way,48-(564)136-4714
762,Norma,Gomez,ngomezl5@cpanel.net,919 Barnett Parkway,7-(155)446-6621
763,Betty,Reyes,breyesl6@sciencedirect.com,33979 La Follette Street,7-(802)482-9566
764,Ernest,Woods,ewoodsl7@yahoo.co.jp,30 Del Sol Parkway,351-(105)481-7135
765,Alan,Frazier,afrazierl8@techcrunch.com,79 Huxley Crossing,30-(435)349-6308
766,Steve,Gomez,sgomezl9@jugem.jp,70037 Bluejay Parkway,62-(764)658-1255
767,Eric,Harper,eharperla@google.co.jp,666 Vera Road,48-(265)493-9321
768,Evelyn,Rivera,eriveralb@telegraph.co.uk,88 2nd Terrace,62-(357)848-0145
769,James,White,jwhitelc@webmd.com,069 Fuller Street,55-(497)390-6704
770,Billy,Anderson,bandersonld@sakura.ne.jp,4722 Darwin Lane,420-(343)718-2905
771,Heather,Knight,hknightle@printfriendly.com,85 Spohn Alley,86-(646)549-7527
772,Angela,Jackson,ajacksonlf@cnet.com,7 Badeau Center,86-(964)492-8163
773,Janet,Harper,jharperlg@cornell.edu,6716 Westridge Park,62-(548)383-8315
774,Wayne,Ward,wwardlh@wikipedia.org,79 Blue Bill Park Place,33-(959)546-5377
775,Ruth,Lee,rleeli@newyorker.com,9167 Ryan Point,58-(861)601-3227
776,Larry,Nelson,lnelsonlj@newsvine.com,7 Parkside Court,380-(816)374-9917
777,Eugene,Peters,epeterslk@nature.com,9 Welch Point,51-(206)822-4649
778,Sandra,Mccoy,smccoyll@cnn.com,99 Maywood Parkway,234-(874)570-9250
779,Paula,Dixon,pdixonlm@so-net.ne.jp,22728 Springs Drive,86-(195)646-1938
780,Sharon,Foster,sfosterln@cloudflare.com,95 Charing Cross Crossing,62-(922)282-7369
781,Larry,Andrews,landrewslo@senate.gov,1101 Forest Trail,267-(280)999-3286
782,Laura,Little,llittlelp@webmd.com,8937 Moulton Junction,84-(909)772-9717
783,Teresa,Mason,tmasonlq@npr.org,0721 Hovde Road,212-(771)894-0044
784,Norma,Jackson,njacksonlr@163.com,180 Melrose Center,30-(254)648-7433
785,Kelly,Sanchez,ksanchezls@hp.com,7991 Grayhawk Drive,86-(652)842-6055
786,Lawrence,Graham,lgrahamlt@angelfire.com,5 Sycamore Park,33-(951)539-1964
787,Margaret,Foster,mfosterlu@foxnews.com,29 Grim Point,62-(836)291-7859
788,Joseph,Hill,jhilllv@china.com.cn,799 North Alley,63-(840)797-4974
789,Denise,Harper,dharperlw@aol.com,7216 Stuart Drive,62-(376)533-8966
790,Victor,Alvarez,valvarezlx@nationalgeographic.com,83791 High Crossing Parkway,86-(135)445-1271
791,Russell,Diaz,rdiazly@1688.com,5 Trailsway Crossing,970-(291)525-7466
792,Earl,Hart,ehartlz@bbc.co.uk,0191 Springview Center,86-(480)176-3650
793,Janice,Torres,jtorresm0@flickr.com,14 Hansons Avenue,381-(761)197-7961
794,Justin,Jones,jjonesm1@yale.edu,2 Myrtle Avenue,86-(791)938-7779
795,Steve,Davis,sdavism2@columbia.edu,13 Summit Parkway,31-(440)458-5011
796,Marie,Lawson,mlawsonm3@whitehouse.gov,895 Reinke Road,51-(883)782-4226
797,Laura,Morales,lmoralesm4@patch.com,60944 Pierstorff Court,1-(914)233-3152
798,Kimberly,Mendoza,kmendozam5@ftc.gov,3553 Hazelcrest Court,86-(710)216-9470
799,Debra,Owens,dowensm6@youku.com,97 Charing Cross Way,358-(982)369-8094
800,Michael,Fowler,mfowlerm7@addthis.com,873 Service Lane,92-(369)686-7399
801,Norma,Berry,nberrym8@japanpost.jp,0 Hayes Road,33-(403)764-2352
802,Jason,Morgan,jmorganm9@businesswire.com,712 Mandrake Pass,7-(955)902-3761
803,Jeremy,Johnson,jjohnsonma@economist.com,7 Southridge Drive,86-(222)826-9970
804,Dorothy,Gonzalez,dgonzalezmb@forbes.com,71691 Farmco Lane,63-(989)998-4520
805,Kathryn,Chavez,kchavezmc@goodreads.com,0 Dennis Court,1-(313)716-4230
806,Louise,Stewart,lstewartmd@sogou.com,85 South Street,63-(864)621-7043
807,Helen,Edwards,hedwardsme@ftc.gov,0 Crownhardt Terrace,420-(439)997-8861
808,Rose,Carr,rcarrmf@constantcontact.com,23724 Hanson Court,62-(864)648-2303
809,Adam,Bryant,abryantmg@army.mil,91 Fieldstone Drive,389-(159)741-9699
810,Keith,Sims,ksimsmh@cbslocal.com,4899 Fallview Street,62-(495)439-8438
811,Katherine,Fuller,kfullermi@spiegel.de,16855 Ronald Regan Place,48-(458)524-8684
812,Andrew,Alexander,aalexandermj@mozilla.org,54 Reinke Circle,86-(616)179-3899
813,Michelle,Wheeler,mwheelermk@sakura.ne.jp,95126 Eliot Hill,358-(640)119-7115
814,Ann,Rogers,arogersml@bigcartel.com,52 Ruskin Parkway,27-(283)610-6262
815,Christina,Barnes,cbarnesmm@state.gov,5521 Oxford Place,220-(976)349-0949
816,Janice,Jackson,jjacksonmn@tripod.com,898 Fisk Hill,34-(949)946-4260
817,Linda,Garcia,lgarciamo@psu.edu,7956 Di Loreto Parkway,86-(769)948-5756
818,Jonathan,Daniels,jdanielsmp@csmonitor.com,94 Dixon Lane,374-(859)433-5243
819,Ryan,Larson,rlarsonmq@economist.com,1691 Oakridge Parkway,27-(759)143-9279
820,Kathryn,Black,kblackmr@ehow.com,40 Pearson Junction,57-(253)767-1881
821,Angela,Anderson,aandersonms@virginia.edu,2069 Jackson Pass,81-(569)495-1006
822,Brenda,Bell,bbellmt@upenn.edu,4 Logan Terrace,98-(649)162-7687
823,Patrick,Hall,phallmu@comcast.net,56940 Mallard Road,420-(984)202-5019
824,Patrick,Dixon,pdixonmv@hostgator.com,560 Darwin Crossing,55-(359)850-9244
825,Theresa,Simpson,tsimpsonmw@bizjournals.com,72399 Kensington Avenue,370-(389)545-6123
826,Sean,Lee,sleemx@godaddy.com,1522 Carpenter Road,593-(187)926-0383
827,Nicole,Webb,nwebbmy@posterous.com,87 Dottie Junction,62-(485)273-7642
828,Amy,Andrews,aandrewsmz@jiathis.com,3093 Elka Road,86-(543)208-3149
829,Antonio,Knight,aknightn0@skype.com,349 Village Green Alley,62-(974)759-6018
830,Billy,Richards,brichardsn1@redcross.org,7983 Sherman Trail,48-(704)139-3785
831,Justin,Harris,jharrisn2@behance.net,24617 Sugar Road,33-(103)380-5117
832,Ruth,Carter,rcartern3@hatena.ne.jp,9 Rieder Road,44-(590)559-0422
833,Donald,Lawrence,dlawrencen4@unc.edu,85 Homewood Avenue,420-(410)181-3750
834,Julia,Bailey,jbaileyn5@github.com,18 Orin Drive,81-(144)170-4343
835,Anna,Shaw,ashawn6@vinaora.com,8148 Northport Circle,52-(707)499-2138
836,Douglas,Ellis,dellisn7@ifeng.com,7844 Pond Way,86-(876)632-8307
837,Craig,Knight,cknightn8@pbs.org,5 Shopko Drive,62-(516)230-5415
838,Brian,Gordon,bgordonn9@addtoany.com,0099 Donald Alley,976-(685)963-6033
839,Janet,Williams,jwilliamsna@cisco.com,72287 Merchant Point,62-(754)773-1262
840,Brandon,Oliver,bolivernb@seesaa.net,7887 Heffernan Park,86-(671)182-4349
841,Tina,Ward,twardnc@live.com,1 Fisk Center,57-(642)116-9678
842,Beverly,Patterson,bpattersonnd@eventbrite.com,648 Claremont Drive,63-(752)758-7545
843,Brian,Cook,bcookne@github.io,465 Lyons Center,1-(916)972-4644
844,Larry,Brooks,lbrooksnf@last.fm,5938 Thackeray Plaza,86-(599)268-0958
845,Irene,Johnson,ijohnsonng@tumblr.com,2 Butterfield Center,998-(216)561-0785
846,Louis,Mcdonald,lmcdonaldnh@deviantart.com,60 Anniversary Junction,86-(215)709-5230
847,Henry,Bowman,hbowmanni@wisc.edu,77 Lake View Way,380-(129)294-9335
848,Martha,Romero,mromeronj@nyu.edu,19 Emmet Trail,62-(692)238-7838
849,Fred,Willis,fwillisnk@apple.com,2060 Grayhawk Park,62-(683)983-1400
850,Albert,Palmer,apalmernl@liveinternet.ru,50 Pankratz Avenue,86-(640)876-9749
851,Aaron,King,akingnm@si.edu,8 Warbler Pass,52-(313)635-0681
852,Debra,Miller,dmillernn@wix.com,69 David Way,967-(970)643-2869
853,Denise,Alexander,dalexanderno@goo.gl,1936 Grover Way,46-(517)832-2179
854,Ann,Bradley,abradleynp@google.cn,8091 Stang Parkway,62-(345)932-5126
855,Carol,Fox,cfoxnq@yelp.com,706 Mandrake Lane,86-(394)888-3663
856,Debra,Ellis,dellisnr@telegraph.co.uk,970 Crowley Trail,84-(956)963-8564
857,Kimberly,Boyd,kboydns@nationalgeographic.com,5 Buhler Way,33-(957)900-8251
858,Christina,Harris,charrisnt@comsenz.com,1331 Spaight Trail,249-(635)274-6084
859,Richard,Gutierrez,rgutierreznu@fotki.com,4 North Court,86-(727)900-7283
860,Doris,Hawkins,dhawkinsnv@topsy.com,3 Toban Parkway,51-(255)653-8395
861,Ruby,Riley,rrileynw@amazonaws.com,333 Jana Place,54-(770)318-0504
862,Kathryn,Harrison,kharrisonnx@lulu.com,3258 Canary Hill,82-(531)774-6993
863,Mary,Bowman,mbowmanny@washingtonpost.com,4 Cardinal Terrace,51-(813)596-8833
864,Jeremy,Cole,jcolenz@seattletimes.com,561 Brickson Park Place,351-(949)723-6214
865,Johnny,Washington,jwashingtono0@chronoengine.com,4 Utah Hill,30-(855)261-9200
866,Paul,Holmes,pholmeso1@google.co.jp,88089 Drewry Parkway,86-(177)784-5666
867,Stephanie,Griffin,sgriffino2@nih.gov,1 4th Way,359-(731)623-1093
868,Evelyn,Schmidt,eschmidto3@jalbum.net,10762 Caliangt Trail,62-(970)513-1328
869,Paul,Burns,pburnso4@jimdo.com,32717 Brown Court,63-(588)451-2747
870,Christina,Welch,cwelcho5@artisteer.com,4 Sunnyside Point,33-(879)491-0668
871,Teresa,Adams,tadamso6@yahoo.co.jp,149 Mockingbird Street,225-(870)938-4916
872,Irene,Ferguson,ifergusono7@cnbc.com,66 Hollow Ridge Avenue,33-(909)392-5807
873,Amy,Ryan,aryano8@google.com.br,9 Farragut Crossing,98-(380)683-8426
874,Bobby,Hicks,bhickso9@skyrock.com,528 Ridge Oak Alley,255-(681)941-4209
875,Brandon,Morrison,bmorrisonoa@bloomberg.com,83 Fair Oaks Street,1-(722)270-5357
876,Kathy,Willis,kwillisob@prnewswire.com,53397 Del Sol Hill,86-(257)695-7187
877,Janice,Fox,jfoxoc@xinhuanet.com,093 Oak Valley Junction,380-(946)632-8592
878,Lois,Bryant,lbryantod@microsoft.com,1123 Shasta Hill,66-(849)845-2711
879,Billy,Ellis,bellisoe@apache.org,11 Lukken Junction,504-(384)486-5187
880,Ernest,Turner,eturnerof@zimbio.com,119 Linden Crossing,62-(409)661-4825
881,Albert,West,awestog@discovery.com,6104 Onsgard Hill,51-(842)125-7183
882,Anna,West,awestoh@printfriendly.com,9 Vidon Junction,84-(426)581-3030
883,Brandon,Nichols,bnicholsoi@simplemachines.org,4 Golf View Plaza,53-(295)770-3056
884,Michael,Jordan,mjordanoj@nydailynews.com,01 Columbus Terrace,86-(597)484-9955
885,Amanda,Adams,aadamsok@purevolume.com,920 Dunning Plaza,81-(794)874-9291
886,Ronald,Banks,rbanksol@slashdot.org,7 Corry Parkway,385-(989)610-5752
887,Jacqueline,Sanchez,jsanchezom@elegantthemes.com,138 Ridgeway Lane,7-(732)571-6087
888,Diana,Weaver,dweaveron@drupal.org,71578 Fuller Trail,86-(149)566-1753
889,Sandra,Dean,sdeanoo@linkedin.com,489 Buhler Way,507-(610)332-8984
890,Angela,Gibson,agibsonop@elpais.com,7 Sage Trail,48-(103)506-9898
891,Evelyn,Grant,egrantoq@bbb.org,74185 Milwaukee Crossing,62-(423)763-9413
892,Rose,Hunt,rhuntor@toplist.cz,0 Magdeline Point,998-(360)426-6340
893,Janet,Mcdonald,jmcdonaldos@mtv.com,2 Texas Drive,1-(971)765-1293
894,Jane,Hart,jhartot@google.com.br,34256 Lillian Way,86-(527)120-3885
895,Deborah,Gibson,dgibsonou@elpais.com,5 Anderson Place,86-(853)380-1379
896,Joan,Griffin,jgriffinov@creativecommons.org,4591 Green Trail,371-(771)310-6528
897,Christopher,Griffin,cgriffinow@phpbb.com,6046 4th Circle,55-(169)882-9986
898,Beverly,White,bwhiteox@php.net,6545 Granby Circle,66-(853)877-7123
899,Diane,Diaz,ddiazoy@yandex.ru,32 Ilene Junction,86-(693)772-5670
900,Carlos,Allen,callenoz@wikispaces.com,12112 Sage Crossing,62-(499)717-2284
901,Frances,Hunt,fhuntp0@storify.com,2 Golf Trail,230-(808)581-3369
902,George,Bailey,gbaileyp1@altervista.org,999 Harbort Court,994-(159)459-7859
903,Carol,Phillips,cphillipsp2@bing.com,18 Corben Avenue,62-(481)504-0107
904,Kathryn,Richards,krichardsp3@ucoz.ru,41426 Talmadge Junction,504-(167)207-2129
905,Clarence,Alvarez,calvarezp4@nifty.com,36562 8th Circle,86-(639)836-8952
906,Gary,Allen,gallenp5@soundcloud.com,3238 Hazelcrest Place,34-(621)197-4999
907,Shirley,Rose,srosep6@de.vu,881 Coleman Place,235-(680)475-3906
908,Gloria,White,gwhitep7@newyorker.com,3 Colorado Hill,504-(994)924-3143
909,Julie,Dunn,jdunnp8@woothemes.com,565 Esker Pass,1-(131)834-3954
910,Timothy,Chavez,tchavezp9@bigcartel.com,58710 Drewry Drive,55-(140)891-3370
911,Kenneth,Hart,khartpa@soundcloud.com,3515 Lake View Street,86-(557)464-2856
912,Betty,Baker,bbakerpb@desdev.cn,745 Eastwood Road,963-(809)954-8642
913,Robert,Marshall,rmarshallpc@drupal.org,76848 American Drive,48-(621)811-7268
914,Steven,Campbell,scampbellpd@wikipedia.org,72 Annamark Parkway,62-(294)597-1748
915,Patricia,Larson,plarsonpe@google.co.uk,7589 Golden Leaf Court,33-(788)480-5987
916,Paul,Snyder,psnyderpf@tuttocitta.it,10 Morningstar Lane,62-(360)421-7856
917,Amanda,Ramos,aramospg@independent.co.uk,95665 Hayes Avenue,81-(845)954-9144
918,Wanda,Lopez,wlopezph@ox.ac.uk,0 Lien Trail,380-(795)922-1640
919,Janice,West,jwestpi@spotify.com,4 Oriole Trail,86-(128)114-2042
920,Harold,Cox,hcoxpj@elegantthemes.com,9371 Melvin Lane,63-(435)676-4580
921,Norma,Crawford,ncrawfordpk@wikimedia.org,866 Mifflin Circle,420-(455)450-2282
922,Scott,Miller,smillerpl@mac.com,05 Helena Pass,33-(384)789-7278
923,Victor,Sims,vsimspm@yandex.ru,405 Nevada Hill,86-(177)168-2069
924,Sharon,Perkins,sperkinspn@facebook.com,3 Porter Trail,1-(801)848-3490
925,Jeffrey,Bowman,jbowmanpo@marketwatch.com,43111 Little Fleur Parkway,62-(633)424-8536
926,Lisa,Hall,lhallpp@apple.com,06 Fisk Lane,62-(503)691-2708
927,Ashley,Sullivan,asullivanpq@google.nl,26 Park Meadow Place,30-(321)249-9549
928,Julia,George,jgeorgepr@yale.edu,413 Golf View Center,994-(349)354-2022
929,Jean,Berry,jberryps@bizjournals.com,8752 Glacier Hill Point,63-(436)636-6612
930,Juan,Fuller,jfullerpt@macromedia.com,62820 Manitowish Lane,62-(604)396-5207
931,Ronald,Carpenter,rcarpenterpu@360.cn,40445 Fremont Way,57-(759)194-9751
932,Lois,Peterson,lpetersonpv@umich.edu,3229 Luster Park,86-(240)620-7276
933,Brenda,Brown,bbrownpw@utexas.edu,06 Shelley Crossing,7-(787)323-7281
934,Jane,Adams,jadamspx@blogger.com,84264 Bashford Hill,255-(181)254-2487
935,Katherine,Mason,kmasonpy@fema.gov,8571 Grayhawk Lane,7-(953)845-9913
936,Walter,Payne,wpaynepz@seattletimes.com,23 Dapin Court,370-(864)521-9350
937,Willie,Hanson,whansonq0@si.edu,02615 Morrow Parkway,389-(319)555-3964
938,Lisa,Kim,lkimq1@amazon.de,382 Kropf Lane,504-(884)879-0762
939,Ryan,Porter,rporterq2@nhs.uk,821 Jenna Park,55-(773)120-6020
940,Diana,Greene,dgreeneq3@com.com,19232 Golf View Alley,93-(270)157-5902
941,Martin,Dunn,mdunnq4@github.io,01725 Kipling Lane,55-(569)422-9801
942,Emily,Larson,elarsonq5@pinterest.com,8 Lillian Circle,62-(932)284-0831
943,Evelyn,Murray,emurrayq6@unesco.org,6 Lillian Terrace,358-(134)798-6479
944,Jonathan,Richards,jrichardsq7@icio.us,2 Loomis Way,57-(659)548-8045
945,Deborah,Wallace,dwallaceq8@hao123.com,50 Kennedy Lane,81-(163)762-0280
946,Ronald,Jordan,rjordanq9@nhs.uk,01 Bunting Park,86-(411)316-9077
947,Linda,Boyd,lboydqa@liveinternet.ru,925 Pierstorff Place,55-(710)219-2756
948,Ronald,Reid,rreidqb@dell.com,64923 Menomonie Avenue,7-(749)760-1648
949,Jeremy,Cooper,jcooperqc@boston.com,2462 Menomonie Court,48-(173)859-7444
950,Tina,Johnson,tjohnsonqd@bloomberg.com,9 Lighthouse Bay Pass,86-(780)926-2832
951,Edward,Sims,esimsqe@comcast.net,4 Elgar Trail,51-(429)847-8896
952,Kevin,Grant,kgrantqf@wix.com,353 Alpine Hill,1-(202)194-2985
953,Joan,Porter,jporterqg@goo.gl,820 Florence Junction,62-(268)179-5680
954,Daniel,Henry,dhenryqh@usgs.gov,19 Hoard Terrace,63-(419)912-9527
955,Anna,Hughes,ahughesqi@purevolume.com,523 Sunbrook Trail,48-(162)382-0220
956,Stephanie,Lynch,slynchqj@shutterfly.com,539 Meadow Vale Street,244-(307)436-9023
957,Dorothy,Garrett,dgarrettqk@seattletimes.com,4478 Rusk Junction,33-(332)272-3262
958,Earl,Howell,ehowellql@nymag.com,5 Farragut Terrace,372-(983)590-3154
959,Nicholas,Dunn,ndunnqm@dyndns.org,8297 Southridge Place,66-(824)520-4925
960,Jane,Green,jgreenqn@jimdo.com,10418 Carberry Avenue,62-(130)469-7071
961,Russell,Fields,rfieldsqo@free.fr,22 Briar Crest Hill,359-(202)992-5620
962,Carl,Little,clittleqp@google.cn,16226 Hoard Way,86-(841)665-7002
963,Debra,Reyes,dreyesqq@uiuc.edu,36861 Hanover Hill,55-(846)535-0596
964,Joshua,Palmer,jpalmerqr@so-net.ne.jp,7 Upham Hill,48-(389)133-1791
965,Benjamin,White,bwhiteqs@soup.io,423 Banding Plaza,48-(269)543-0387
966,Marilyn,Freeman,mfreemanqt@yellowpages.com,25 Morning Terrace,52-(102)765-4825
967,Dorothy,Kelly,dkellyqu@github.io,564 Barby Avenue,86-(563)152-6206
968,Bobby,Fernandez,bfernandezqv@princeton.edu,12424 Lighthouse Bay Point,351-(572)117-0202
969,Scott,Holmes,sholmesqw@blog.com,5141 Dwight Parkway,46-(875)949-1785
970,John,Foster,jfosterqx@imdb.com,17470 Doe Crossing Way,46-(595)318-8335
971,Andrea,Hawkins,ahawkinsqy@dot.gov,02016 Spenser Trail,420-(365)402-5616
972,Kenneth,Reynolds,kreynoldsqz@zimbio.com,0 Rieder Point,86-(330)682-9362
973,Victor,Morales,vmoralesr0@moonfruit.com,77618 Sycamore Terrace,86-(660)979-9023
974,Anne,Frazier,afrazierr1@chron.com,0082 Hovde Alley,62-(756)753-1228
975,Harry,White,hwhiter2@e-recht24.de,8 Mendota Alley,351-(439)471-0187
976,Jean,Burke,jburker3@ca.gov,4456 Hayes Hill,55-(523)738-8250
977,Donna,Robertson,drobertsonr4@altervista.org,70 Fairfield Lane,256-(669)840-5475
978,Nancy,Hughes,nhughesr5@theatlantic.com,3 Cardinal Center,255-(655)161-9437
979,Sarah,Anderson,sandersonr6@netlog.com,81652 Artisan Way,351-(680)414-7370
980,Dorothy,Hanson,dhansonr7@washingtonpost.com,268 Lakewood Gardens Crossing,30-(338)994-3082
981,Matthew,Gibson,mgibsonr8@cdc.gov,7105 Talisman Avenue,55-(361)798-4492
982,Debra,Harris,dharrisr9@blogtalkradio.com,14005 Manley Court,86-(183)571-9748
983,Edward,Hamilton,ehamiltonra@sphinn.com,2304 Miller Center,57-(336)258-9072
984,Brenda,Bowman,bbowmanrb@census.gov,176 Schlimgen Court,33-(660)567-2380
985,Mark,Bradley,mbradleyrc@mlb.com,3096 Meadow Valley Drive,57-(792)869-7007
986,Sharon,Collins,scollinsrd@flickr.com,03 Dexter Junction,86-(531)322-7504
987,Christina,Carr,ccarrre@pcworld.com,6883 Anzinger Street,48-(176)561-4845
988,Elizabeth,Mills,emillsrf@miitbeian.gov.cn,274 Alpine Lane,86-(892)315-2172
989,Kelly,Banks,kbanksrg@liveinternet.ru,727 High Crossing Crossing,55-(341)317-9691
990,Barbara,Bradley,bbradleyrh@yolasite.com,787 Marquette Place,507-(526)739-3857
991,Julie,Vasquez,jvasquezri@google.cn,9173 Dixon Court,251-(111)112-0198
992,Amy,Sanders,asandersrj@icq.com,23718 Lawn Court,380-(266)904-2247
993,Eric,Hunt,ehuntrk@shop-pro.jp,4191 Barby Court,55-(172)345-9168
994,Amanda,Webb,awebbrl@yellowpages.com,88 Clove Junction,86-(604)667-1160
995,Joe,Turner,jturnerrm@mediafire.com,3 Texas Alley,86-(981)646-5244
996,Alan,Graham,agrahamrn@freewebs.com,03 Algoma Crossing,86-(223)661-8629
997,Melissa,Bishop,mbishopro@baidu.com,27 Novick Trail,850-(527)934-3711
998,Jennifer,Marshall,jmarshallrp@bigcartel.com,4129 Pond Parkway,967-(354)663-3873
999,Harold,Perkins,hperkinsrq@istockphoto.com,9 Quincy Lane,55-(970)739-3543
1000,Alice,Frazier,afrazierrr@huffingtonpost.com,918 Fremont Trail,57-(208)691-1861
